pacote,versao,local_lockfile,tipo,marcado_dev,opcional,candidato_windows_x64,script_instalacao_declarado,os_declarado,cpu_declarada,node_engines,origem_url,host_origem,integridade_algoritmo,categoria_avaliacao,pontos_para_revisao,cadeia_exemplo,situacao_nexus
@algolia/abtesting,1.14.1,node_modules/@algolia/abtesting,transitiva,true,false,true,false,,,>= 14.0.0,https://registry.npmjs.org/@algolia/abtesting/-/abtesting-1.14.1.tgz,registry.npmjs.org,sha512,CANDIDATO_NAO_OPCIONAL,artefato sem bloqueio específico conhecido; acesso Nexus não verificado,@angular/cli@21.2.21 > algoliasearch@5.48.1 > @algolia/abtesting@1.14.1,NAO_VERIFICADA
@algolia/client-abtesting,5.48.1,node_modules/@algolia/client-abtesting,transitiva,true,false,true,false,,,>= 14.0.0,https://registry.npmjs.org/@algolia/client-abtesting/-/client-abtesting-5.48.1.tgz,registry.npmjs.org,sha512,CANDIDATO_NAO_OPCIONAL,artefato sem bloqueio específico conhecido; acesso Nexus não verificado,@angular/cli@21.2.21 > algoliasearch@5.48.1 > @algolia/client-abtesting@5.48.1,NAO_VERIFICADA
@algolia/client-analytics,5.48.1,node_modules/@algolia/client-analytics,transitiva,true,false,true,false,,,>= 14.0.0,https://registry.npmjs.org/@algolia/client-analytics/-/client-analytics-5.48.1.tgz,registry.npmjs.org,sha512,CANDIDATO_NAO_OPCIONAL,artefato sem bloqueio específico conhecido; acesso Nexus não verificado,@angular/cli@21.2.21 > algoliasearch@5.48.1 > @algolia/client-analytics@5.48.1,NAO_VERIFICADA
@algolia/client-common,5.48.1,node_modules/@algolia/client-common,transitiva,true,false,true,false,,,>= 14.0.0,https://registry.npmjs.org/@algolia/client-common/-/client-common-5.48.1.tgz,registry.npmjs.org,sha512,CANDIDATO_NAO_OPCIONAL,artefato sem bloqueio específico conhecido; acesso Nexus não verificado,@angular/cli@21.2.21 > algoliasearch@5.48.1 > @algolia/client-common@5.48.1,NAO_VERIFICADA
@algolia/client-insights,5.48.1,node_modules/@algolia/client-insights,transitiva,true,false,true,false,,,>= 14.0.0,https://registry.npmjs.org/@algolia/client-insights/-/client-insights-5.48.1.tgz,registry.npmjs.org,sha512,CANDIDATO_NAO_OPCIONAL,artefato sem bloqueio específico conhecido; acesso Nexus não verificado,@angular/cli@21.2.21 > algoliasearch@5.48.1 > @algolia/client-insights@5.48.1,NAO_VERIFICADA
@algolia/client-personalization,5.48.1,node_modules/@algolia/client-personalization,transitiva,true,false,true,false,,,>= 14.0.0,https://registry.npmjs.org/@algolia/client-personalization/-/client-personalization-5.48.1.tgz,registry.npmjs.org,sha512,CANDIDATO_NAO_OPCIONAL,artefato sem bloqueio específico conhecido; acesso Nexus não verificado,@angular/cli@21.2.21 > algoliasearch@5.48.1 > @algolia/client-personalization@5.48.1,NAO_VERIFICADA
@algolia/client-query-suggestions,5.48.1,node_modules/@algolia/client-query-suggestions,transitiva,true,false,true,false,,,>= 14.0.0,https://registry.npmjs.org/@algolia/client-query-suggestions/-/client-query-suggestions-5.48.1.tgz,registry.npmjs.org,sha512,CANDIDATO_NAO_OPCIONAL,artefato sem bloqueio específico conhecido; acesso Nexus não verificado,@angular/cli@21.2.21 > algoliasearch@5.48.1 > @algolia/client-query-suggestions@5.48.1,NAO_VERIFICADA
@algolia/client-search,5.48.1,node_modules/@algolia/client-search,transitiva,true,false,true,false,,,>= 14.0.0,https://registry.npmjs.org/@algolia/client-search/-/client-search-5.48.1.tgz,registry.npmjs.org,sha512,CANDIDATO_NAO_OPCIONAL,artefato sem bloqueio específico conhecido; acesso Nexus não verificado,@angular/cli@21.2.21 > algoliasearch@5.48.1 > @algolia/client-search@5.48.1,NAO_VERIFICADA
@algolia/ingestion,1.48.1,node_modules/@algolia/ingestion,transitiva,true,false,true,false,,,>= 14.0.0,https://registry.npmjs.org/@algolia/ingestion/-/ingestion-1.48.1.tgz,registry.npmjs.org,sha512,CANDIDATO_NAO_OPCIONAL,artefato sem bloqueio específico conhecido; acesso Nexus não verificado,@angular/cli@21.2.21 > algoliasearch@5.48.1 > @algolia/ingestion@1.48.1,NAO_VERIFICADA
@algolia/monitoring,1.48.1,node_modules/@algolia/monitoring,transitiva,true,false,true,false,,,>= 14.0.0,https://registry.npmjs.org/@algolia/monitoring/-/monitoring-1.48.1.tgz,registry.npmjs.org,sha512,CANDIDATO_NAO_OPCIONAL,artefato sem bloqueio específico conhecido; acesso Nexus não verificado,@angular/cli@21.2.21 > algoliasearch@5.48.1 > @algolia/monitoring@1.48.1,NAO_VERIFICADA
@algolia/recommend,5.48.1,node_modules/@algolia/recommend,transitiva,true,false,true,false,,,>= 14.0.0,https://registry.npmjs.org/@algolia/recommend/-/recommend-5.48.1.tgz,registry.npmjs.org,sha512,CANDIDATO_NAO_OPCIONAL,artefato sem bloqueio específico conhecido; acesso Nexus não verificado,@angular/cli@21.2.21 > algoliasearch@5.48.1 > @algolia/recommend@5.48.1,NAO_VERIFICADA
@algolia/requester-browser-xhr,5.48.1,node_modules/@algolia/requester-browser-xhr,transitiva,true,false,true,false,,,>= 14.0.0,https://registry.npmjs.org/@algolia/requester-browser-xhr/-/requester-browser-xhr-5.48.1.tgz,registry.npmjs.org,sha512,CANDIDATO_NAO_OPCIONAL,artefato sem bloqueio específico conhecido; acesso Nexus não verificado,@angular/cli@21.2.21 > algoliasearch@5.48.1 > @algolia/requester-browser-xhr@5.48.1,NAO_VERIFICADA
@algolia/requester-fetch,5.48.1,node_modules/@algolia/requester-fetch,transitiva,true,false,true,false,,,>= 14.0.0,https://registry.npmjs.org/@algolia/requester-fetch/-/requester-fetch-5.48.1.tgz,registry.npmjs.org,sha512,CANDIDATO_NAO_OPCIONAL,artefato sem bloqueio específico conhecido; acesso Nexus não verificado,@angular/cli@21.2.21 > algoliasearch@5.48.1 > @algolia/requester-fetch@5.48.1,NAO_VERIFICADA
@algolia/requester-node-http,5.48.1,node_modules/@algolia/requester-node-http,transitiva,true,false,true,false,,,>= 14.0.0,https://registry.npmjs.org/@algolia/requester-node-http/-/requester-node-http-5.48.1.tgz,registry.npmjs.org,sha512,CANDIDATO_NAO_OPCIONAL,artefato sem bloqueio específico conhecido; acesso Nexus não verificado,@angular/cli@21.2.21 > algoliasearch@5.48.1 > @algolia/requester-node-http@5.48.1,NAO_VERIFICADA
@ampproject/remapping,2.3.0,node_modules/@ampproject/remapping,transitiva,true,false,true,false,,,>=6.0.0,https://registry.npmjs.org/@ampproject/remapping/-/remapping-2.3.0.tgz,registry.npmjs.org,sha512,CANDIDATO_NAO_OPCIONAL,artefato sem bloqueio específico conhecido; acesso Nexus não verificado,@angular/build@21.2.21 > @ampproject/remapping@2.3.0,NAO_VERIFICADA
@angular-devkit/architect,0.2102.21,node_modules/@angular-devkit/architect,transitiva,true,false,true,false,,,^20.19.0 || ^22.12.0 || >=24.0.0,https://registry.npmjs.org/@angular-devkit/architect/-/architect-0.2102.21.tgz,registry.npmjs.org,sha512,CANDIDATO_NAO_OPCIONAL,artefato sem bloqueio específico conhecido; acesso Nexus não verificado,@angular/build@21.2.21 > @angular-devkit/architect@0.2102.21,NAO_VERIFICADA
@angular-devkit/core,21.2.21,node_modules/@angular-devkit/core,transitiva,true,false,true,false,,,^20.19.0 || ^22.12.0 || >=24.0.0,https://registry.npmjs.org/@angular-devkit/core/-/core-21.2.21.tgz,registry.npmjs.org,sha512,CANDIDATO_NAO_OPCIONAL,artefato sem bloqueio específico conhecido; acesso Nexus não verificado,@angular/cli@21.2.21 > @angular-devkit/core@21.2.21,NAO_VERIFICADA
@angular-devkit/schematics,21.2.21,node_modules/@angular-devkit/schematics,transitiva,true,false,true,false,,,^20.19.0 || ^22.12.0 || >=24.0.0,https://registry.npmjs.org/@angular-devkit/schematics/-/schematics-21.2.21.tgz,registry.npmjs.org,sha512,CANDIDATO_NAO_OPCIONAL,artefato sem bloqueio específico conhecido; acesso Nexus não verificado,@angular/cli@21.2.21 > @angular-devkit/schematics@21.2.21,NAO_VERIFICADA
@angular/build,21.2.21,node_modules/@angular/build,direta,true,false,true,false,,,^20.19.0 || ^22.12.0 || >=24.0.0,https://registry.npmjs.org/@angular/build/-/build-21.2.21.tgz,registry.npmjs.org,sha512,CANDIDATO_NAO_OPCIONAL,ferramenta de build: indisponibilidade pode impedir compilação,@angular/build@21.2.21,NAO_VERIFICADA
@angular/cli,21.2.21,node_modules/@angular/cli,direta,true,false,true,false,,,^20.19.0 || ^22.12.0 || >=24.0.0,https://registry.npmjs.org/@angular/cli/-/cli-21.2.21.tgz,registry.npmjs.org,sha512,CANDIDATO_NAO_OPCIONAL,ferramenta de build: indisponibilidade pode impedir compilação,@angular/cli@21.2.21,NAO_VERIFICADA
@angular/common,21.2.21,node_modules/@angular/common,direta,false,false,true,false,,,^20.19.0 || ^22.12.0 || >=24.0.0,https://registry.npmjs.org/@angular/common/-/common-21.2.21.tgz,registry.npmjs.org,sha512,CANDIDATO_NAO_OPCIONAL,artefato sem bloqueio específico conhecido; acesso Nexus não verificado,@angular/common@21.2.21,NAO_VERIFICADA
@angular/compiler,21.2.21,node_modules/@angular/compiler,direta,false,false,true,false,,,^20.19.0 || ^22.12.0 || >=24.0.0,https://registry.npmjs.org/@angular/compiler/-/compiler-21.2.21.tgz,registry.npmjs.org,sha512,CANDIDATO_NAO_OPCIONAL,artefato sem bloqueio específico conhecido; acesso Nexus não verificado,@angular/compiler@21.2.21,NAO_VERIFICADA
@angular/compiler-cli,21.2.21,node_modules/@angular/compiler-cli,direta,true,false,true,false,,,^20.19.0 || ^22.12.0 || >=24.0.0,https://registry.npmjs.org/@angular/compiler-cli/-/compiler-cli-21.2.21.tgz,registry.npmjs.org,sha512,CANDIDATO_NAO_OPCIONAL,ferramenta de build: indisponibilidade pode impedir compilação,@angular/compiler-cli@21.2.21,NAO_VERIFICADA
@angular/core,21.2.21,node_modules/@angular/core,direta,false,false,true,false,,,^20.19.0 || ^22.12.0 || >=24.0.0,https://registry.npmjs.org/@angular/core/-/core-21.2.21.tgz,registry.npmjs.org,sha512,CANDIDATO_NAO_OPCIONAL,artefato sem bloqueio específico conhecido; acesso Nexus não verificado,@angular/core@21.2.21,NAO_VERIFICADA
@angular/forms,21.2.21,node_modules/@angular/forms,direta,false,false,true,false,,,^20.19.0 || ^22.12.0 || >=24.0.0,https://registry.npmjs.org/@angular/forms/-/forms-21.2.21.tgz,registry.npmjs.org,sha512,CANDIDATO_NAO_OPCIONAL,artefato sem bloqueio específico conhecido; acesso Nexus não verificado,@angular/forms@21.2.21,NAO_VERIFICADA
@angular/platform-browser,21.2.21,node_modules/@angular/platform-browser,direta,false,false,true,false,,,^20.19.0 || ^22.12.0 || >=24.0.0,https://registry.npmjs.org/@angular/platform-browser/-/platform-browser-21.2.21.tgz,registry.npmjs.org,sha512,CANDIDATO_NAO_OPCIONAL,artefato sem bloqueio específico conhecido; acesso Nexus não verificado,@angular/platform-browser@21.2.21,NAO_VERIFICADA
@angular/router,21.2.21,node_modules/@angular/router,direta,false,false,true,false,,,^20.19.0 || ^22.12.0 || >=24.0.0,https://registry.npmjs.org/@angular/router/-/router-21.2.21.tgz,registry.npmjs.org,sha512,CANDIDATO_NAO_OPCIONAL,artefato sem bloqueio específico conhecido; acesso Nexus não verificado,@angular/router@21.2.21,NAO_VERIFICADA
@babel/code-frame,7.29.7,node_modules/@babel/code-frame,transitiva,true,false,true,false,,,>=6.9.0,https://registry.npmjs.org/@babel/code-frame/-/code-frame-7.29.7.tgz,registry.npmjs.org,sha512,CANDIDATO_NAO_OPCIONAL,artefato sem bloqueio específico conhecido; acesso Nexus não verificado,@angular/build@21.2.21 > @babel/core@7.29.7 > @babel/code-frame@7.29.7,NAO_VERIFICADA
@babel/compat-data,7.29.7,node_modules/@babel/compat-data,transitiva,true,false,true,false,,,>=6.9.0,https://registry.npmjs.org/@babel/compat-data/-/compat-data-7.29.7.tgz,registry.npmjs.org,sha512,CANDIDATO_NAO_OPCIONAL,artefato sem bloqueio específico conhecido; acesso Nexus não verificado,@angular/build@21.2.21 > @babel/core@7.29.7 > @babel/helper-compilation-targets@7.29.7 > @babel/compat-data@7.29.7,NAO_VERIFICADA
@babel/core,7.29.7,node_modules/@babel/core,transitiva,true,false,true,false,,,>=6.9.0,https://registry.npmjs.org/@babel/core/-/core-7.29.7.tgz,registry.npmjs.org,sha512,CANDIDATO_NAO_OPCIONAL,artefato sem bloqueio específico conhecido; acesso Nexus não verificado,@angular/build@21.2.21 > @babel/core@7.29.7,NAO_VERIFICADA
@babel/generator,7.29.8,node_modules/@babel/generator,transitiva,true,false,true,false,,,>=6.9.0,https://registry.npmjs.org/@babel/generator/-/generator-7.29.8.tgz,registry.npmjs.org,sha512,CANDIDATO_NAO_OPCIONAL,artefato sem bloqueio específico conhecido; acesso Nexus não verificado,@angular/build@21.2.21 > @babel/core@7.29.7 > @babel/generator@7.29.8,NAO_VERIFICADA
@babel/helper-annotate-as-pure,7.27.3,node_modules/@babel/helper-annotate-as-pure,transitiva,true,false,true,false,,,>=6.9.0,https://registry.npmjs.org/@babel/helper-annotate-as-pure/-/helper-annotate-as-pure-7.27.3.tgz,registry.npmjs.org,sha512,CANDIDATO_NAO_OPCIONAL,artefato sem bloqueio específico conhecido; acesso Nexus não verificado,@angular/build@21.2.21 > @babel/helper-annotate-as-pure@7.27.3,NAO_VERIFICADA
@babel/helper-compilation-targets,7.29.7,node_modules/@babel/helper-compilation-targets,transitiva,true,false,true,false,,,>=6.9.0,https://registry.npmjs.org/@babel/helper-compilation-targets/-/helper-compilation-targets-7.29.7.tgz,registry.npmjs.org,sha512,CANDIDATO_NAO_OPCIONAL,artefato sem bloqueio específico conhecido; acesso Nexus não verificado,@angular/build@21.2.21 > @babel/core@7.29.7 > @babel/helper-compilation-targets@7.29.7,NAO_VERIFICADA
@babel/helper-globals,7.29.7,node_modules/@babel/helper-globals,transitiva,true,false,true,false,,,>=6.9.0,https://registry.npmjs.org/@babel/helper-globals/-/helper-globals-7.29.7.tgz,registry.npmjs.org,sha512,CANDIDATO_NAO_OPCIONAL,artefato sem bloqueio específico conhecido; acesso Nexus não verificado,@angular/build@21.2.21 > @babel/core@7.29.7 > @babel/traverse@7.29.8 > @babel/helper-globals@7.29.7,NAO_VERIFICADA
@babel/helper-module-imports,7.29.7,node_modules/@babel/helper-module-imports,transitiva,true,false,true,false,,,>=6.9.0,https://registry.npmjs.org/@babel/helper-module-imports/-/helper-module-imports-7.29.7.tgz,registry.npmjs.org,sha512,CANDIDATO_NAO_OPCIONAL,artefato sem bloqueio específico conhecido; acesso Nexus não verificado,@angular/build@21.2.21 > @babel/core@7.29.7 > @babel/helper-module-transforms@7.29.7 > @babel/helper-module-imports@7.29.7,NAO_VERIFICADA
@babel/helper-module-transforms,7.29.7,node_modules/@babel/helper-module-transforms,transitiva,true,false,true,false,,,>=6.9.0,https://registry.npmjs.org/@babel/helper-module-transforms/-/helper-module-transforms-7.29.7.tgz,registry.npmjs.org,sha512,CANDIDATO_NAO_OPCIONAL,artefato sem bloqueio específico conhecido; acesso Nexus não verificado,@angular/build@21.2.21 > @babel/core@7.29.7 > @babel/helper-module-transforms@7.29.7,NAO_VERIFICADA
@babel/helper-split-export-declaration,7.24.7,node_modules/@babel/helper-split-export-declaration,transitiva,true,false,true,false,,,>=6.9.0,https://registry.npmjs.org/@babel/helper-split-export-declaration/-/helper-split-export-declaration-7.24.7.tgz,registry.npmjs.org,sha512,CANDIDATO_NAO_OPCIONAL,artefato sem bloqueio específico conhecido; acesso Nexus não verificado,@angular/build@21.2.21 > @babel/helper-split-export-declaration@7.24.7,NAO_VERIFICADA
@babel/helper-string-parser,7.29.7,node_modules/@babel/helper-string-parser,transitiva,true,false,true,false,,,>=6.9.0,https://registry.npmjs.org/@babel/helper-string-parser/-/helper-string-parser-7.29.7.tgz,registry.npmjs.org,sha512,CANDIDATO_NAO_OPCIONAL,artefato sem bloqueio específico conhecido; acesso Nexus não verificado,@angular/build@21.2.21 > @babel/core@7.29.7 > @babel/types@7.29.8 > @babel/helper-string-parser@7.29.7,NAO_VERIFICADA
@babel/helper-validator-identifier,7.29.7,node_modules/@babel/helper-validator-identifier,transitiva,true,false,true,false,,,>=6.9.0,https://registry.npmjs.org/@babel/helper-validator-identifier/-/helper-validator-identifier-7.29.7.tgz,registry.npmjs.org,sha512,CANDIDATO_NAO_OPCIONAL,artefato sem bloqueio específico conhecido; acesso Nexus não verificado,@angular/build@21.2.21 > @babel/core@7.29.7 > @babel/code-frame@7.29.7 > @babel/helper-validator-identifier@7.29.7,NAO_VERIFICADA
@babel/helper-validator-option,7.29.7,node_modules/@babel/helper-validator-option,transitiva,true,false,true,false,,,>=6.9.0,https://registry.npmjs.org/@babel/helper-validator-option/-/helper-validator-option-7.29.7.tgz,registry.npmjs.org,sha512,CANDIDATO_NAO_OPCIONAL,artefato sem bloqueio específico conhecido; acesso Nexus não verificado,@angular/build@21.2.21 > @babel/core@7.29.7 > @babel/helper-compilation-targets@7.29.7 > @babel/helper-validator-option@7.29.7,NAO_VERIFICADA
@babel/helpers,7.29.7,node_modules/@babel/helpers,transitiva,true,false,true,false,,,>=6.9.0,https://registry.npmjs.org/@babel/helpers/-/helpers-7.29.7.tgz,registry.npmjs.org,sha512,CANDIDATO_NAO_OPCIONAL,artefato sem bloqueio específico conhecido; acesso Nexus não verificado,@angular/build@21.2.21 > @babel/core@7.29.7 > @babel/helpers@7.29.7,NAO_VERIFICADA
@babel/parser,7.29.8,node_modules/@babel/parser,transitiva,true,false,true,false,,,>=6.0.0,https://registry.npmjs.org/@babel/parser/-/parser-7.29.8.tgz,registry.npmjs.org,sha512,CANDIDATO_NAO_OPCIONAL,artefato sem bloqueio específico conhecido; acesso Nexus não verificado,@angular/build@21.2.21 > @babel/core@7.29.7 > @babel/parser@7.29.8,NAO_VERIFICADA
@babel/template,7.29.7,node_modules/@babel/template,transitiva,true,false,true,false,,,>=6.9.0,https://registry.npmjs.org/@babel/template/-/template-7.29.7.tgz,registry.npmjs.org,sha512,CANDIDATO_NAO_OPCIONAL,artefato sem bloqueio específico conhecido; acesso Nexus não verificado,@angular/build@21.2.21 > @babel/core@7.29.7 > @babel/template@7.29.7,NAO_VERIFICADA
@babel/traverse,7.29.8,node_modules/@babel/traverse,transitiva,true,false,true,false,,,>=6.9.0,https://registry.npmjs.org/@babel/traverse/-/traverse-7.29.8.tgz,registry.npmjs.org,sha512,CANDIDATO_NAO_OPCIONAL,artefato sem bloqueio específico conhecido; acesso Nexus não verificado,@angular/build@21.2.21 > @babel/core@7.29.7 > @babel/traverse@7.29.8,NAO_VERIFICADA
@babel/types,7.29.8,node_modules/@babel/types,transitiva,true,false,true,false,,,>=6.9.0,https://registry.npmjs.org/@babel/types/-/types-7.29.8.tgz,registry.npmjs.org,sha512,CANDIDATO_NAO_OPCIONAL,artefato sem bloqueio específico conhecido; acesso Nexus não verificado,@angular/build@21.2.21 > @babel/core@7.29.7 > @babel/types@7.29.8,NAO_VERIFICADA
@emnapi/core,1.11.3,node_modules/@emnapi/core,transitiva,true,true,true,false,,,,https://registry.npmjs.org/@emnapi/core/-/core-1.11.3.tgz,registry.npmjs.org,sha512,CANDIDATO_OPCIONAL,"opcional: ausência pode afetar desempenho ou build, depende do consumidor",@angular/build@21.2.21 > rolldown@1.0.0-rc.4 > @rolldown/binding-wasm32-wasi@1.0.0-rc.4 > @napi-rs/wasm-runtime@1.2.3 > @emnapi/core@1.11.3,NAO_VERIFICADA
@emnapi/runtime,1.11.3,node_modules/@emnapi/runtime,transitiva,true,true,true,false,,,,https://registry.npmjs.org/@emnapi/runtime/-/runtime-1.11.3.tgz,registry.npmjs.org,sha512,CANDIDATO_OPCIONAL,"opcional: ausência pode afetar desempenho ou build, depende do consumidor",@angular/build@21.2.21 > rolldown@1.0.0-rc.4 > @rolldown/binding-wasm32-wasi@1.0.0-rc.4 > @napi-rs/wasm-runtime@1.2.3 > @emnapi/runtime@1.11.3,NAO_VERIFICADA
@emnapi/wasi-threads,1.2.3,node_modules/@emnapi/wasi-threads,transitiva,true,true,true,false,,,,https://registry.npmjs.org/@emnapi/wasi-threads/-/wasi-threads-1.2.3.tgz,registry.npmjs.org,sha512,CANDIDATO_OPCIONAL,"opcional: ausência pode afetar desempenho ou build, depende do consumidor",@angular/build@21.2.21 > rolldown@1.0.0-rc.4 > @rolldown/binding-wasm32-wasi@1.0.0-rc.4 > @napi-rs/wasm-runtime@1.2.3 > @emnapi/core@1.11.3 > @emnapi/wasi-threads@1.2.3,NAO_VERIFICADA
@esbuild/aix-ppc64,0.28.1,node_modules/@esbuild/aix-ppc64,transitiva,true,true,false,false,aix,ppc64,>=18,https://registry.npmjs.org/@esbuild/aix-ppc64/-/aix-ppc64-0.28.1.tgz,registry.npmjs.org,sha512,EXCLUIDO_WINDOWS_X64,incompatível com Windows x64 pelos metadados: opcional,@angular/build@21.2.21 > esbuild@0.28.1 > @esbuild/aix-ppc64@0.28.1,NAO_VERIFICADA
@esbuild/android-arm,0.28.1,node_modules/@esbuild/android-arm,transitiva,true,true,false,false,android,arm,>=18,https://registry.npmjs.org/@esbuild/android-arm/-/android-arm-0.28.1.tgz,registry.npmjs.org,sha512,EXCLUIDO_WINDOWS_X64,incompatível com Windows x64 pelos metadados: opcional,@angular/build@21.2.21 > esbuild@0.28.1 > @esbuild/android-arm@0.28.1,NAO_VERIFICADA
@esbuild/android-arm64,0.28.1,node_modules/@esbuild/android-arm64,transitiva,true,true,false,false,android,arm64,>=18,https://registry.npmjs.org/@esbuild/android-arm64/-/android-arm64-0.28.1.tgz,registry.npmjs.org,sha512,EXCLUIDO_WINDOWS_X64,incompatível com Windows x64 pelos metadados: opcional,@angular/build@21.2.21 > esbuild@0.28.1 > @esbuild/android-arm64@0.28.1,NAO_VERIFICADA
@esbuild/android-x64,0.28.1,node_modules/@esbuild/android-x64,transitiva,true,true,false,false,android,x64,>=18,https://registry.npmjs.org/@esbuild/android-x64/-/android-x64-0.28.1.tgz,registry.npmjs.org,sha512,EXCLUIDO_WINDOWS_X64,incompatível com Windows x64 pelos metadados: opcional,@angular/build@21.2.21 > esbuild@0.28.1 > @esbuild/android-x64@0.28.1,NAO_VERIFICADA
@esbuild/darwin-arm64,0.28.1,node_modules/@esbuild/darwin-arm64,transitiva,true,true,false,false,darwin,arm64,>=18,https://registry.npmjs.org/@esbuild/darwin-arm64/-/darwin-arm64-0.28.1.tgz,registry.npmjs.org,sha512,EXCLUIDO_WINDOWS_X64,incompatível com Windows x64 pelos metadados: opcional,@angular/build@21.2.21 > esbuild@0.28.1 > @esbuild/darwin-arm64@0.28.1,NAO_VERIFICADA
@esbuild/darwin-x64,0.28.1,node_modules/@esbuild/darwin-x64,transitiva,true,true,false,false,darwin,x64,>=18,https://registry.npmjs.org/@esbuild/darwin-x64/-/darwin-x64-0.28.1.tgz,registry.npmjs.org,sha512,EXCLUIDO_WINDOWS_X64,incompatível com Windows x64 pelos metadados: opcional,@angular/build@21.2.21 > esbuild@0.28.1 > @esbuild/darwin-x64@0.28.1,NAO_VERIFICADA
@esbuild/freebsd-arm64,0.28.1,node_modules/@esbuild/freebsd-arm64,transitiva,true,true,false,false,freebsd,arm64,>=18,https://registry.npmjs.org/@esbuild/freebsd-arm64/-/freebsd-arm64-0.28.1.tgz,registry.npmjs.org,sha512,EXCLUIDO_WINDOWS_X64,incompatível com Windows x64 pelos metadados: opcional,@angular/build@21.2.21 > esbuild@0.28.1 > @esbuild/freebsd-arm64@0.28.1,NAO_VERIFICADA
@esbuild/freebsd-x64,0.28.1,node_modules/@esbuild/freebsd-x64,transitiva,true,true,false,false,freebsd,x64,>=18,https://registry.npmjs.org/@esbuild/freebsd-x64/-/freebsd-x64-0.28.1.tgz,registry.npmjs.org,sha512,EXCLUIDO_WINDOWS_X64,incompatível com Windows x64 pelos metadados: opcional,@angular/build@21.2.21 > esbuild@0.28.1 > @esbuild/freebsd-x64@0.28.1,NAO_VERIFICADA
@esbuild/linux-arm,0.28.1,node_modules/@esbuild/linux-arm,transitiva,true,true,false,false,linux,arm,>=18,https://registry.npmjs.org/@esbuild/linux-arm/-/linux-arm-0.28.1.tgz,registry.npmjs.org,sha512,EXCLUIDO_WINDOWS_X64,incompatível com Windows x64 pelos metadados: opcional,@angular/build@21.2.21 > esbuild@0.28.1 > @esbuild/linux-arm@0.28.1,NAO_VERIFICADA
@esbuild/linux-arm64,0.28.1,node_modules/@esbuild/linux-arm64,transitiva,true,true,false,false,linux,arm64,>=18,https://registry.npmjs.org/@esbuild/linux-arm64/-/linux-arm64-0.28.1.tgz,registry.npmjs.org,sha512,EXCLUIDO_WINDOWS_X64,incompatível com Windows x64 pelos metadados: opcional,@angular/build@21.2.21 > esbuild@0.28.1 > @esbuild/linux-arm64@0.28.1,NAO_VERIFICADA
@esbuild/linux-ia32,0.28.1,node_modules/@esbuild/linux-ia32,transitiva,true,true,false,false,linux,ia32,>=18,https://registry.npmjs.org/@esbuild/linux-ia32/-/linux-ia32-0.28.1.tgz,registry.npmjs.org,sha512,EXCLUIDO_WINDOWS_X64,incompatível com Windows x64 pelos metadados: opcional,@angular/build@21.2.21 > esbuild@0.28.1 > @esbuild/linux-ia32@0.28.1,NAO_VERIFICADA
@esbuild/linux-loong64,0.28.1,node_modules/@esbuild/linux-loong64,transitiva,true,true,false,false,linux,loong64,>=18,https://registry.npmjs.org/@esbuild/linux-loong64/-/linux-loong64-0.28.1.tgz,registry.npmjs.org,sha512,EXCLUIDO_WINDOWS_X64,incompatível com Windows x64 pelos metadados: opcional,@angular/build@21.2.21 > esbuild@0.28.1 > @esbuild/linux-loong64@0.28.1,NAO_VERIFICADA
@esbuild/linux-mips64el,0.28.1,node_modules/@esbuild/linux-mips64el,transitiva,true,true,false,false,linux,mips64el,>=18,https://registry.npmjs.org/@esbuild/linux-mips64el/-/linux-mips64el-0.28.1.tgz,registry.npmjs.org,sha512,EXCLUIDO_WINDOWS_X64,incompatível com Windows x64 pelos metadados: opcional,@angular/build@21.2.21 > esbuild@0.28.1 > @esbuild/linux-mips64el@0.28.1,NAO_VERIFICADA
@esbuild/linux-ppc64,0.28.1,node_modules/@esbuild/linux-ppc64,transitiva,true,true,false,false,linux,ppc64,>=18,https://registry.npmjs.org/@esbuild/linux-ppc64/-/linux-ppc64-0.28.1.tgz,registry.npmjs.org,sha512,EXCLUIDO_WINDOWS_X64,incompatível com Windows x64 pelos metadados: opcional,@angular/build@21.2.21 > esbuild@0.28.1 > @esbuild/linux-ppc64@0.28.1,NAO_VERIFICADA
@esbuild/linux-riscv64,0.28.1,node_modules/@esbuild/linux-riscv64,transitiva,true,true,false,false,linux,riscv64,>=18,https://registry.npmjs.org/@esbuild/linux-riscv64/-/linux-riscv64-0.28.1.tgz,registry.npmjs.org,sha512,EXCLUIDO_WINDOWS_X64,incompatível com Windows x64 pelos metadados: opcional,@angular/build@21.2.21 > esbuild@0.28.1 > @esbuild/linux-riscv64@0.28.1,NAO_VERIFICADA
@esbuild/linux-s390x,0.28.1,node_modules/@esbuild/linux-s390x,transitiva,true,true,false,false,linux,s390x,>=18,https://registry.npmjs.org/@esbuild/linux-s390x/-/linux-s390x-0.28.1.tgz,registry.npmjs.org,sha512,EXCLUIDO_WINDOWS_X64,incompatível com Windows x64 pelos metadados: opcional,@angular/build@21.2.21 > esbuild@0.28.1 > @esbuild/linux-s390x@0.28.1,NAO_VERIFICADA
@esbuild/linux-x64,0.28.1,node_modules/@esbuild/linux-x64,transitiva,true,true,false,false,linux,x64,>=18,https://registry.npmjs.org/@esbuild/linux-x64/-/linux-x64-0.28.1.tgz,registry.npmjs.org,sha512,EXCLUIDO_WINDOWS_X64,incompatível com Windows x64 pelos metadados: opcional,@angular/build@21.2.21 > esbuild@0.28.1 > @esbuild/linux-x64@0.28.1,NAO_VERIFICADA
@esbuild/netbsd-arm64,0.28.1,node_modules/@esbuild/netbsd-arm64,transitiva,true,true,false,false,netbsd,arm64,>=18,https://registry.npmjs.org/@esbuild/netbsd-arm64/-/netbsd-arm64-0.28.1.tgz,registry.npmjs.org,sha512,EXCLUIDO_WINDOWS_X64,incompatível com Windows x64 pelos metadados: opcional,@angular/build@21.2.21 > esbuild@0.28.1 > @esbuild/netbsd-arm64@0.28.1,NAO_VERIFICADA
@esbuild/netbsd-x64,0.28.1,node_modules/@esbuild/netbsd-x64,transitiva,true,true,false,false,netbsd,x64,>=18,https://registry.npmjs.org/@esbuild/netbsd-x64/-/netbsd-x64-0.28.1.tgz,registry.npmjs.org,sha512,EXCLUIDO_WINDOWS_X64,incompatível com Windows x64 pelos metadados: opcional,@angular/build@21.2.21 > esbuild@0.28.1 > @esbuild/netbsd-x64@0.28.1,NAO_VERIFICADA
@esbuild/openbsd-arm64,0.28.1,node_modules/@esbuild/openbsd-arm64,transitiva,true,true,false,false,openbsd,arm64,>=18,https://registry.npmjs.org/@esbuild/openbsd-arm64/-/openbsd-arm64-0.28.1.tgz,registry.npmjs.org,sha512,EXCLUIDO_WINDOWS_X64,incompatível com Windows x64 pelos metadados: opcional,@angular/build@21.2.21 > esbuild@0.28.1 > @esbuild/openbsd-arm64@0.28.1,NAO_VERIFICADA
@esbuild/openbsd-x64,0.28.1,node_modules/@esbuild/openbsd-x64,transitiva,true,true,false,false,openbsd,x64,>=18,https://registry.npmjs.org/@esbuild/openbsd-x64/-/openbsd-x64-0.28.1.tgz,registry.npmjs.org,sha512,EXCLUIDO_WINDOWS_X64,incompatível com Windows x64 pelos metadados: opcional,@angular/build@21.2.21 > esbuild@0.28.1 > @esbuild/openbsd-x64@0.28.1,NAO_VERIFICADA
@esbuild/openharmony-arm64,0.28.1,node_modules/@esbuild/openharmony-arm64,transitiva,true,true,false,false,openharmony,arm64,>=18,https://registry.npmjs.org/@esbuild/openharmony-arm64/-/openharmony-arm64-0.28.1.tgz,registry.npmjs.org,sha512,EXCLUIDO_WINDOWS_X64,incompatível com Windows x64 pelos metadados: opcional,@angular/build@21.2.21 > esbuild@0.28.1 > @esbuild/openharmony-arm64@0.28.1,NAO_VERIFICADA
@esbuild/sunos-x64,0.28.1,node_modules/@esbuild/sunos-x64,transitiva,true,true,false,false,sunos,x64,>=18,https://registry.npmjs.org/@esbuild/sunos-x64/-/sunos-x64-0.28.1.tgz,registry.npmjs.org,sha512,EXCLUIDO_WINDOWS_X64,incompatível com Windows x64 pelos metadados: opcional,@angular/build@21.2.21 > esbuild@0.28.1 > @esbuild/sunos-x64@0.28.1,NAO_VERIFICADA
@esbuild/win32-arm64,0.28.1,node_modules/@esbuild/win32-arm64,transitiva,true,true,false,false,win32,arm64,>=18,https://registry.npmjs.org/@esbuild/win32-arm64/-/win32-arm64-0.28.1.tgz,registry.npmjs.org,sha512,EXCLUIDO_WINDOWS_X64,incompatível com Windows x64 pelos metadados: opcional,@angular/build@21.2.21 > esbuild@0.28.1 > @esbuild/win32-arm64@0.28.1,NAO_VERIFICADA
@esbuild/win32-ia32,0.28.1,node_modules/@esbuild/win32-ia32,transitiva,true,true,false,false,win32,ia32,>=18,https://registry.npmjs.org/@esbuild/win32-ia32/-/win32-ia32-0.28.1.tgz,registry.npmjs.org,sha512,EXCLUIDO_WINDOWS_X64,incompatível com Windows x64 pelos metadados: opcional,@angular/build@21.2.21 > esbuild@0.28.1 > @esbuild/win32-ia32@0.28.1,NAO_VERIFICADA
@esbuild/win32-x64,0.28.1,node_modules/@esbuild/win32-x64,transitiva,true,true,true,false,win32,x64,>=18,https://registry.npmjs.org/@esbuild/win32-x64/-/win32-x64-0.28.1.tgz,registry.npmjs.org,sha512,CANDIDATO_OPCIONAL,"artefato nativo Windows x64: confirmar disponibilidade | opcional: ausência pode afetar desempenho ou build, depende do consumidor",@angular/build@21.2.21 > esbuild@0.28.1 > @esbuild/win32-x64@0.28.1,NAO_VERIFICADA
@gar/promise-retry,1.0.3,node_modules/@gar/promise-retry,transitiva,true,false,true,false,,,^20.17.0 || >=22.9.0,https://registry.npmjs.org/@gar/promise-retry/-/promise-retry-1.0.3.tgz,registry.npmjs.org,sha512,CANDIDATO_NAO_OPCIONAL,artefato sem bloqueio específico conhecido; acesso Nexus não verificado,@angular/cli@21.2.21 > pacote@21.5.1 > @gar/promise-retry@1.0.3,NAO_VERIFICADA
@harperfast/extended-iterable,1.0.3,node_modules/@harperfast/extended-iterable,transitiva,true,true,true,false,,,,https://registry.npmjs.org/@harperfast/extended-iterable/-/extended-iterable-1.0.3.tgz,registry.npmjs.org,sha512,CANDIDATO_OPCIONAL,"opcional: ausência pode afetar desempenho ou build, depende do consumidor",@angular/build@21.2.21 > lmdb@3.5.1 > @harperfast/extended-iterable@1.0.3,NAO_VERIFICADA
@hono/node-server,2.1.1,node_modules/@hono/node-server,transitiva,true,false,true,false,,,>=20,https://registry.npmjs.org/@hono/node-server/-/node-server-2.1.1.tgz,registry.npmjs.org,sha512,CANDIDATO_NAO_OPCIONAL,artefato sem bloqueio específico conhecido; acesso Nexus não verificado,@angular/cli@21.2.21 > @modelcontextprotocol/sdk@1.30.0 > @hono/node-server@2.1.1,NAO_VERIFICADA
@inquirer/ansi,1.0.2,node_modules/@inquirer/ansi,transitiva,true,false,true,false,,,>=18,https://registry.npmjs.org/@inquirer/ansi/-/ansi-1.0.2.tgz,registry.npmjs.org,sha512,CANDIDATO_NAO_OPCIONAL,artefato sem bloqueio específico conhecido; acesso Nexus não verificado,@angular/build@21.2.21 > @inquirer/confirm@5.1.21 > @inquirer/core@10.3.2 > @inquirer/ansi@1.0.2,NAO_VERIFICADA
@inquirer/checkbox,4.3.2,node_modules/@inquirer/checkbox,transitiva,true,false,true,false,,,>=18,https://registry.npmjs.org/@inquirer/checkbox/-/checkbox-4.3.2.tgz,registry.npmjs.org,sha512,CANDIDATO_NAO_OPCIONAL,artefato sem bloqueio específico conhecido; acesso Nexus não verificado,@angular/cli@21.2.21 > @inquirer/prompts@7.10.1 > @inquirer/checkbox@4.3.2,NAO_VERIFICADA
@inquirer/confirm,5.1.21,node_modules/@inquirer/confirm,transitiva,true,false,true,false,,,>=18,https://registry.npmjs.org/@inquirer/confirm/-/confirm-5.1.21.tgz,registry.npmjs.org,sha512,CANDIDATO_NAO_OPCIONAL,artefato sem bloqueio específico conhecido; acesso Nexus não verificado,@angular/build@21.2.21 > @inquirer/confirm@5.1.21,NAO_VERIFICADA
@inquirer/core,10.3.2,node_modules/@inquirer/core,transitiva,true,false,true,false,,,>=18,https://registry.npmjs.org/@inquirer/core/-/core-10.3.2.tgz,registry.npmjs.org,sha512,CANDIDATO_NAO_OPCIONAL,artefato sem bloqueio específico conhecido; acesso Nexus não verificado,@angular/build@21.2.21 > @inquirer/confirm@5.1.21 > @inquirer/core@10.3.2,NAO_VERIFICADA
@inquirer/editor,4.2.23,node_modules/@inquirer/editor,transitiva,true,false,true,false,,,>=18,https://registry.npmjs.org/@inquirer/editor/-/editor-4.2.23.tgz,registry.npmjs.org,sha512,CANDIDATO_NAO_OPCIONAL,artefato sem bloqueio específico conhecido; acesso Nexus não verificado,@angular/cli@21.2.21 > @inquirer/prompts@7.10.1 > @inquirer/editor@4.2.23,NAO_VERIFICADA
@inquirer/expand,4.0.23,node_modules/@inquirer/expand,transitiva,true,false,true,false,,,>=18,https://registry.npmjs.org/@inquirer/expand/-/expand-4.0.23.tgz,registry.npmjs.org,sha512,CANDIDATO_NAO_OPCIONAL,artefato sem bloqueio específico conhecido; acesso Nexus não verificado,@angular/cli@21.2.21 > @inquirer/prompts@7.10.1 > @inquirer/expand@4.0.23,NAO_VERIFICADA
@inquirer/external-editor,1.0.3,node_modules/@inquirer/external-editor,transitiva,true,false,true,false,,,>=18,https://registry.npmjs.org/@inquirer/external-editor/-/external-editor-1.0.3.tgz,registry.npmjs.org,sha512,CANDIDATO_NAO_OPCIONAL,artefato sem bloqueio específico conhecido; acesso Nexus não verificado,@angular/cli@21.2.21 > @inquirer/prompts@7.10.1 > @inquirer/editor@4.2.23 > @inquirer/external-editor@1.0.3,NAO_VERIFICADA
@inquirer/figures,1.0.15,node_modules/@inquirer/figures,transitiva,true,false,true,false,,,>=18,https://registry.npmjs.org/@inquirer/figures/-/figures-1.0.15.tgz,registry.npmjs.org,sha512,CANDIDATO_NAO_OPCIONAL,artefato sem bloqueio específico conhecido; acesso Nexus não verificado,@angular/build@21.2.21 > @inquirer/confirm@5.1.21 > @inquirer/core@10.3.2 > @inquirer/figures@1.0.15,NAO_VERIFICADA
@inquirer/input,4.3.1,node_modules/@inquirer/input,transitiva,true,false,true,false,,,>=18,https://registry.npmjs.org/@inquirer/input/-/input-4.3.1.tgz,registry.npmjs.org,sha512,CANDIDATO_NAO_OPCIONAL,artefato sem bloqueio específico conhecido; acesso Nexus não verificado,@angular/cli@21.2.21 > @inquirer/prompts@7.10.1 > @inquirer/input@4.3.1,NAO_VERIFICADA
@inquirer/number,3.0.23,node_modules/@inquirer/number,transitiva,true,false,true,false,,,>=18,https://registry.npmjs.org/@inquirer/number/-/number-3.0.23.tgz,registry.npmjs.org,sha512,CANDIDATO_NAO_OPCIONAL,artefato sem bloqueio específico conhecido; acesso Nexus não verificado,@angular/cli@21.2.21 > @inquirer/prompts@7.10.1 > @inquirer/number@3.0.23,NAO_VERIFICADA
@inquirer/password,4.0.23,node_modules/@inquirer/password,transitiva,true,false,true,false,,,>=18,https://registry.npmjs.org/@inquirer/password/-/password-4.0.23.tgz,registry.npmjs.org,sha512,CANDIDATO_NAO_OPCIONAL,artefato sem bloqueio específico conhecido; acesso Nexus não verificado,@angular/cli@21.2.21 > @inquirer/prompts@7.10.1 > @inquirer/password@4.0.23,NAO_VERIFICADA
@inquirer/prompts,7.10.1,node_modules/@inquirer/prompts,transitiva,true,false,true,false,,,>=18,https://registry.npmjs.org/@inquirer/prompts/-/prompts-7.10.1.tgz,registry.npmjs.org,sha512,CANDIDATO_NAO_OPCIONAL,artefato sem bloqueio específico conhecido; acesso Nexus não verificado,@angular/cli@21.2.21 > @inquirer/prompts@7.10.1,NAO_VERIFICADA
@inquirer/rawlist,4.1.11,node_modules/@inquirer/rawlist,transitiva,true,false,true,false,,,>=18,https://registry.npmjs.org/@inquirer/rawlist/-/rawlist-4.1.11.tgz,registry.npmjs.org,sha512,CANDIDATO_NAO_OPCIONAL,artefato sem bloqueio específico conhecido; acesso Nexus não verificado,@angular/cli@21.2.21 > @inquirer/prompts@7.10.1 > @inquirer/rawlist@4.1.11,NAO_VERIFICADA
@inquirer/search,3.2.2,node_modules/@inquirer/search,transitiva,true,false,true,false,,,>=18,https://registry.npmjs.org/@inquirer/search/-/search-3.2.2.tgz,registry.npmjs.org,sha512,CANDIDATO_NAO_OPCIONAL,artefato sem bloqueio específico conhecido; acesso Nexus não verificado,@angular/cli@21.2.21 > @inquirer/prompts@7.10.1 > @inquirer/search@3.2.2,NAO_VERIFICADA
@inquirer/select,4.4.2,node_modules/@inquirer/select,transitiva,true,false,true,false,,,>=18,https://registry.npmjs.org/@inquirer/select/-/select-4.4.2.tgz,registry.npmjs.org,sha512,CANDIDATO_NAO_OPCIONAL,artefato sem bloqueio específico conhecido; acesso Nexus não verificado,@angular/cli@21.2.21 > @inquirer/prompts@7.10.1 > @inquirer/select@4.4.2,NAO_VERIFICADA
@inquirer/type,3.0.10,node_modules/@inquirer/type,transitiva,true,false,true,false,,,>=18,https://registry.npmjs.org/@inquirer/type/-/type-3.0.10.tgz,registry.npmjs.org,sha512,CANDIDATO_NAO_OPCIONAL,artefato sem bloqueio específico conhecido; acesso Nexus não verificado,@angular/build@21.2.21 > @inquirer/confirm@5.1.21 > @inquirer/type@3.0.10,NAO_VERIFICADA
@isaacs/fs-minipass,4.0.1,node_modules/@isaacs/fs-minipass,transitiva,true,false,true,false,,,>=18.0.0,https://registry.npmjs.org/@isaacs/fs-minipass/-/fs-minipass-4.0.1.tgz,registry.npmjs.org,sha512,CANDIDATO_NAO_OPCIONAL,artefato sem bloqueio específico conhecido; acesso Nexus não verificado,@angular/cli@21.2.21 > pacote@21.5.1 > tar@7.5.22 > @isaacs/fs-minipass@4.0.1,NAO_VERIFICADA
@istanbuljs/schema,0.1.6,node_modules/@istanbuljs/schema,transitiva,true,false,true,false,,,>=8,https://registry.npmjs.org/@istanbuljs/schema/-/schema-0.1.6.tgz,registry.npmjs.org,sha512,CANDIDATO_NAO_OPCIONAL,artefato sem bloqueio específico conhecido; acesso Nexus não verificado,@angular/build@21.2.21 > istanbul-lib-instrument@6.0.3 > @istanbuljs/schema@0.1.6,NAO_VERIFICADA
@jridgewell/gen-mapping,0.3.13,node_modules/@jridgewell/gen-mapping,transitiva,true,false,true,false,,,,https://registry.npmjs.org/@jridgewell/gen-mapping/-/gen-mapping-0.3.13.tgz,registry.npmjs.org,sha512,CANDIDATO_NAO_OPCIONAL,artefato sem bloqueio específico conhecido; acesso Nexus não verificado,@angular/build@21.2.21 > @ampproject/remapping@2.3.0 > @jridgewell/gen-mapping@0.3.13,NAO_VERIFICADA
@jridgewell/remapping,2.3.5,node_modules/@jridgewell/remapping,transitiva,true,false,true,false,,,,https://registry.npmjs.org/@jridgewell/remapping/-/remapping-2.3.5.tgz,registry.npmjs.org,sha512,CANDIDATO_NAO_OPCIONAL,artefato sem bloqueio específico conhecido; acesso Nexus não verificado,@angular/build@21.2.21 > @babel/core@7.29.7 > @jridgewell/remapping@2.3.5,NAO_VERIFICADA
@jridgewell/resolve-uri,3.1.2,node_modules/@jridgewell/resolve-uri,transitiva,true,false,true,false,,,>=6.0.0,https://registry.npmjs.org/@jridgewell/resolve-uri/-/resolve-uri-3.1.2.tgz,registry.npmjs.org,sha512,CANDIDATO_NAO_OPCIONAL,artefato sem bloqueio específico conhecido; acesso Nexus não verificado,@angular/build@21.2.21 > @ampproject/remapping@2.3.0 > @jridgewell/trace-mapping@0.3.31 > @jridgewell/resolve-uri@3.1.2,NAO_VERIFICADA
@jridgewell/sourcemap-codec,1.6.0,node_modules/@jridgewell/sourcemap-codec,transitiva,true,false,true,false,,,,https://registry.npmjs.org/@jridgewell/sourcemap-codec/-/sourcemap-codec-1.6.0.tgz,registry.npmjs.org,sha512,CANDIDATO_NAO_OPCIONAL,artefato sem bloqueio específico conhecido; acesso Nexus não verificado,@angular/compiler-cli@21.2.21 > @jridgewell/sourcemap-codec@1.6.0,NAO_VERIFICADA
@jridgewell/trace-mapping,0.3.31,node_modules/@jridgewell/trace-mapping,transitiva,true,false,true,false,,,,https://registry.npmjs.org/@jridgewell/trace-mapping/-/trace-mapping-0.3.31.tgz,registry.npmjs.org,sha512,CANDIDATO_NAO_OPCIONAL,artefato sem bloqueio específico conhecido; acesso Nexus não verificado,@angular/build@21.2.21 > @ampproject/remapping@2.3.0 > @jridgewell/trace-mapping@0.3.31,NAO_VERIFICADA
@listr2/prompt-adapter-inquirer,3.0.5,node_modules/@listr2/prompt-adapter-inquirer,transitiva,true,false,true,false,,,>=20.0.0,https://registry.npmjs.org/@listr2/prompt-adapter-inquirer/-/prompt-adapter-inquirer-3.0.5.tgz,registry.npmjs.org,sha512,CANDIDATO_NAO_OPCIONAL,artefato sem bloqueio específico conhecido; acesso Nexus não verificado,@angular/cli@21.2.21 > @listr2/prompt-adapter-inquirer@3.0.5,NAO_VERIFICADA
@lmdb/lmdb-darwin-arm64,3.5.1,node_modules/@lmdb/lmdb-darwin-arm64,transitiva,true,true,false,false,darwin,arm64,,https://registry.npmjs.org/@lmdb/lmdb-darwin-arm64/-/lmdb-darwin-arm64-3.5.1.tgz,registry.npmjs.org,sha512,EXCLUIDO_WINDOWS_X64,incompatível com Windows x64 pelos metadados: opcional,@angular/build@21.2.21 > lmdb@3.5.1 > @lmdb/lmdb-darwin-arm64@3.5.1,NAO_VERIFICADA
@lmdb/lmdb-darwin-x64,3.5.1,node_modules/@lmdb/lmdb-darwin-x64,transitiva,true,true,false,false,darwin,x64,,https://registry.npmjs.org/@lmdb/lmdb-darwin-x64/-/lmdb-darwin-x64-3.5.1.tgz,registry.npmjs.org,sha512,EXCLUIDO_WINDOWS_X64,incompatível com Windows x64 pelos metadados: opcional,@angular/build@21.2.21 > lmdb@3.5.1 > @lmdb/lmdb-darwin-x64@3.5.1,NAO_VERIFICADA
@lmdb/lmdb-linux-arm,3.5.1,node_modules/@lmdb/lmdb-linux-arm,transitiva,true,true,false,false,linux,arm,,https://registry.npmjs.org/@lmdb/lmdb-linux-arm/-/lmdb-linux-arm-3.5.1.tgz,registry.npmjs.org,sha512,EXCLUIDO_WINDOWS_X64,incompatível com Windows x64 pelos metadados: opcional,@angular/build@21.2.21 > lmdb@3.5.1 > @lmdb/lmdb-linux-arm@3.5.1,NAO_VERIFICADA
@lmdb/lmdb-linux-arm64,3.5.1,node_modules/@lmdb/lmdb-linux-arm64,transitiva,true,true,false,false,linux,arm64,,https://registry.npmjs.org/@lmdb/lmdb-linux-arm64/-/lmdb-linux-arm64-3.5.1.tgz,registry.npmjs.org,sha512,EXCLUIDO_WINDOWS_X64,incompatível com Windows x64 pelos metadados: opcional,@angular/build@21.2.21 > lmdb@3.5.1 > @lmdb/lmdb-linux-arm64@3.5.1,NAO_VERIFICADA
@lmdb/lmdb-linux-x64,3.5.1,node_modules/@lmdb/lmdb-linux-x64,transitiva,true,true,false,false,linux,x64,,https://registry.npmjs.org/@lmdb/lmdb-linux-x64/-/lmdb-linux-x64-3.5.1.tgz,registry.npmjs.org,sha512,EXCLUIDO_WINDOWS_X64,incompatível com Windows x64 pelos metadados: opcional,@angular/build@21.2.21 > lmdb@3.5.1 > @lmdb/lmdb-linux-x64@3.5.1,NAO_VERIFICADA
@lmdb/lmdb-win32-arm64,3.5.1,node_modules/@lmdb/lmdb-win32-arm64,transitiva,true,true,false,false,win32,arm64,,https://registry.npmjs.org/@lmdb/lmdb-win32-arm64/-/lmdb-win32-arm64-3.5.1.tgz,registry.npmjs.org,sha512,EXCLUIDO_WINDOWS_X64,incompatível com Windows x64 pelos metadados: opcional,@angular/build@21.2.21 > lmdb@3.5.1 > @lmdb/lmdb-win32-arm64@3.5.1,NAO_VERIFICADA
@lmdb/lmdb-win32-x64,3.5.1,node_modules/@lmdb/lmdb-win32-x64,transitiva,true,true,true,false,win32,x64,,https://registry.npmjs.org/@lmdb/lmdb-win32-x64/-/lmdb-win32-x64-3.5.1.tgz,registry.npmjs.org,sha512,CANDIDATO_OPCIONAL,"artefato nativo Windows x64: confirmar disponibilidade | opcional: ausência pode afetar desempenho ou build, depende do consumidor",@angular/build@21.2.21 > lmdb@3.5.1 > @lmdb/lmdb-win32-x64@3.5.1,NAO_VERIFICADA
@modelcontextprotocol/sdk,1.30.0,node_modules/@modelcontextprotocol/sdk,transitiva,true,false,true,false,,,>=18,https://registry.npmjs.org/@modelcontextprotocol/sdk/-/sdk-1.30.0.tgz,registry.npmjs.org,sha512,CANDIDATO_NAO_OPCIONAL,artefato sem bloqueio específico conhecido; acesso Nexus não verificado,@angular/cli@21.2.21 > @modelcontextprotocol/sdk@1.30.0,NAO_VERIFICADA
@msgpackr-extract/msgpackr-extract-darwin-arm64,3.0.4,node_modules/@msgpackr-extract/msgpackr-extract-darwin-arm64,transitiva,true,true,false,false,darwin,arm64,,https://registry.npmjs.org/@msgpackr-extract/msgpackr-extract-darwin-arm64/-/msgpackr-extract-darwin-arm64-3.0.4.tgz,registry.npmjs.org,sha512,EXCLUIDO_WINDOWS_X64,incompatível com Windows x64 pelos metadados: opcional,@angular/build@21.2.21 > lmdb@3.5.1 > msgpackr@1.12.1 > msgpackr-extract@3.0.4 > @msgpackr-extract/msgpackr-extract-darwin-arm64@3.0.4,NAO_VERIFICADA
@msgpackr-extract/msgpackr-extract-darwin-x64,3.0.4,node_modules/@msgpackr-extract/msgpackr-extract-darwin-x64,transitiva,true,true,false,false,darwin,x64,,https://registry.npmjs.org/@msgpackr-extract/msgpackr-extract-darwin-x64/-/msgpackr-extract-darwin-x64-3.0.4.tgz,registry.npmjs.org,sha512,EXCLUIDO_WINDOWS_X64,incompatível com Windows x64 pelos metadados: opcional,@angular/build@21.2.21 > lmdb@3.5.1 > msgpackr@1.12.1 > msgpackr-extract@3.0.4 > @msgpackr-extract/msgpackr-extract-darwin-x64@3.0.4,NAO_VERIFICADA
@msgpackr-extract/msgpackr-extract-linux-arm,3.0.4,node_modules/@msgpackr-extract/msgpackr-extract-linux-arm,transitiva,true,true,false,false,linux,arm,,https://registry.npmjs.org/@msgpackr-extract/msgpackr-extract-linux-arm/-/msgpackr-extract-linux-arm-3.0.4.tgz,registry.npmjs.org,sha512,EXCLUIDO_WINDOWS_X64,incompatível com Windows x64 pelos metadados: opcional,@angular/build@21.2.21 > lmdb@3.5.1 > msgpackr@1.12.1 > msgpackr-extract@3.0.4 > @msgpackr-extract/msgpackr-extract-linux-arm@3.0.4,NAO_VERIFICADA
@msgpackr-extract/msgpackr-extract-linux-arm64,3.0.4,node_modules/@msgpackr-extract/msgpackr-extract-linux-arm64,transitiva,true,true,false,false,linux,arm64,,https://registry.npmjs.org/@msgpackr-extract/msgpackr-extract-linux-arm64/-/msgpackr-extract-linux-arm64-3.0.4.tgz,registry.npmjs.org,sha512,EXCLUIDO_WINDOWS_X64,incompatível com Windows x64 pelos metadados: opcional,@angular/build@21.2.21 > lmdb@3.5.1 > msgpackr@1.12.1 > msgpackr-extract@3.0.4 > @msgpackr-extract/msgpackr-extract-linux-arm64@3.0.4,NAO_VERIFICADA
@msgpackr-extract/msgpackr-extract-linux-x64,3.0.4,node_modules/@msgpackr-extract/msgpackr-extract-linux-x64,transitiva,true,true,false,false,linux,x64,,https://registry.npmjs.org/@msgpackr-extract/msgpackr-extract-linux-x64/-/msgpackr-extract-linux-x64-3.0.4.tgz,registry.npmjs.org,sha512,EXCLUIDO_WINDOWS_X64,incompatível com Windows x64 pelos metadados: opcional,@angular/build@21.2.21 > lmdb@3.5.1 > msgpackr@1.12.1 > msgpackr-extract@3.0.4 > @msgpackr-extract/msgpackr-extract-linux-x64@3.0.4,NAO_VERIFICADA
@msgpackr-extract/msgpackr-extract-win32-x64,3.0.4,node_modules/@msgpackr-extract/msgpackr-extract-win32-x64,transitiva,true,true,true,false,win32,x64,,https://registry.npmjs.org/@msgpackr-extract/msgpackr-extract-win32-x64/-/msgpackr-extract-win32-x64-3.0.4.tgz,registry.npmjs.org,sha512,CANDIDATO_OPCIONAL,"artefato nativo Windows x64: confirmar disponibilidade | opcional: ausência pode afetar desempenho ou build, depende do consumidor",@angular/build@21.2.21 > lmdb@3.5.1 > msgpackr@1.12.1 > msgpackr-extract@3.0.4 > @msgpackr-extract/msgpackr-extract-win32-x64@3.0.4,NAO_VERIFICADA
@napi-rs/lzma-linux-x64-gnu,1.5.1,node_modules/@napi-rs/lzma-linux-x64-gnu,transitiva,true,true,false,false,linux,x64,^22.20 || ^24.12 || >=25,https://registry.npmjs.org/@napi-rs/lzma-linux-x64-gnu/-/lzma-linux-x64-gnu-1.5.1.tgz,registry.npmjs.org,sha512,EXCLUIDO_WINDOWS_X64,incompatível com Windows x64 pelos metadados: opcional,@angular/build@21.2.21 > vite@7.3.6 > rollup@4.63.1 > @napi-rs/lzma-linux-x64-gnu@1.5.1,NAO_VERIFICADA
@napi-rs/nice,1.1.1,node_modules/@napi-rs/nice,transitiva,true,true,true,false,,,>= 10,https://registry.npmjs.org/@napi-rs/nice/-/nice-1.1.1.tgz,registry.npmjs.org,sha512,CANDIDATO_OPCIONAL,"opcional: ausência pode afetar desempenho ou build, depende do consumidor",@angular/build@21.2.21 > piscina@5.2.0 > @napi-rs/nice@1.1.1,NAO_VERIFICADA
@napi-rs/nice-android-arm-eabi,1.1.1,node_modules/@napi-rs/nice-android-arm-eabi,transitiva,true,true,false,false,android,arm,>= 10,https://registry.npmjs.org/@napi-rs/nice-android-arm-eabi/-/nice-android-arm-eabi-1.1.1.tgz,registry.npmjs.org,sha512,EXCLUIDO_WINDOWS_X64,incompatível com Windows x64 pelos metadados: opcional,@angular/build@21.2.21 > piscina@5.2.0 > @napi-rs/nice@1.1.1 > @napi-rs/nice-android-arm-eabi@1.1.1,NAO_VERIFICADA
@napi-rs/nice-android-arm64,1.1.1,node_modules/@napi-rs/nice-android-arm64,transitiva,true,true,false,false,android,arm64,>= 10,https://registry.npmjs.org/@napi-rs/nice-android-arm64/-/nice-android-arm64-1.1.1.tgz,registry.npmjs.org,sha512,EXCLUIDO_WINDOWS_X64,incompatível com Windows x64 pelos metadados: opcional,@angular/build@21.2.21 > piscina@5.2.0 > @napi-rs/nice@1.1.1 > @napi-rs/nice-android-arm64@1.1.1,NAO_VERIFICADA
@napi-rs/nice-darwin-arm64,1.1.1,node_modules/@napi-rs/nice-darwin-arm64,transitiva,true,true,false,false,darwin,arm64,>= 10,https://registry.npmjs.org/@napi-rs/nice-darwin-arm64/-/nice-darwin-arm64-1.1.1.tgz,registry.npmjs.org,sha512,EXCLUIDO_WINDOWS_X64,incompatível com Windows x64 pelos metadados: opcional,@angular/build@21.2.21 > piscina@5.2.0 > @napi-rs/nice@1.1.1 > @napi-rs/nice-darwin-arm64@1.1.1,NAO_VERIFICADA
@napi-rs/nice-darwin-x64,1.1.1,node_modules/@napi-rs/nice-darwin-x64,transitiva,true,true,false,false,darwin,x64,>= 10,https://registry.npmjs.org/@napi-rs/nice-darwin-x64/-/nice-darwin-x64-1.1.1.tgz,registry.npmjs.org,sha512,EXCLUIDO_WINDOWS_X64,incompatível com Windows x64 pelos metadados: opcional,@angular/build@21.2.21 > piscina@5.2.0 > @napi-rs/nice@1.1.1 > @napi-rs/nice-darwin-x64@1.1.1,NAO_VERIFICADA
@napi-rs/nice-freebsd-x64,1.1.1,node_modules/@napi-rs/nice-freebsd-x64,transitiva,true,true,false,false,freebsd,x64,>= 10,https://registry.npmjs.org/@napi-rs/nice-freebsd-x64/-/nice-freebsd-x64-1.1.1.tgz,registry.npmjs.org,sha512,EXCLUIDO_WINDOWS_X64,incompatível com Windows x64 pelos metadados: opcional,@angular/build@21.2.21 > piscina@5.2.0 > @napi-rs/nice@1.1.1 > @napi-rs/nice-freebsd-x64@1.1.1,NAO_VERIFICADA
@napi-rs/nice-linux-arm-gnueabihf,1.1.1,node_modules/@napi-rs/nice-linux-arm-gnueabihf,transitiva,true,true,false,false,linux,arm,>= 10,https://registry.npmjs.org/@napi-rs/nice-linux-arm-gnueabihf/-/nice-linux-arm-gnueabihf-1.1.1.tgz,registry.npmjs.org,sha512,EXCLUIDO_WINDOWS_X64,incompatível com Windows x64 pelos metadados: opcional,@angular/build@21.2.21 > piscina@5.2.0 > @napi-rs/nice@1.1.1 > @napi-rs/nice-linux-arm-gnueabihf@1.1.1,NAO_VERIFICADA
@napi-rs/nice-linux-arm64-gnu,1.1.1,node_modules/@napi-rs/nice-linux-arm64-gnu,transitiva,true,true,false,false,linux,arm64,>= 10,https://registry.npmjs.org/@napi-rs/nice-linux-arm64-gnu/-/nice-linux-arm64-gnu-1.1.1.tgz,registry.npmjs.org,sha512,EXCLUIDO_WINDOWS_X64,incompatível com Windows x64 pelos metadados: opcional,@angular/build@21.2.21 > piscina@5.2.0 > @napi-rs/nice@1.1.1 > @napi-rs/nice-linux-arm64-gnu@1.1.1,NAO_VERIFICADA
@napi-rs/nice-linux-arm64-musl,1.1.1,node_modules/@napi-rs/nice-linux-arm64-musl,transitiva,true,true,false,false,linux,arm64,>= 10,https://registry.npmjs.org/@napi-rs/nice-linux-arm64-musl/-/nice-linux-arm64-musl-1.1.1.tgz,registry.npmjs.org,sha512,EXCLUIDO_WINDOWS_X64,incompatível com Windows x64 pelos metadados: opcional,@angular/build@21.2.21 > piscina@5.2.0 > @napi-rs/nice@1.1.1 > @napi-rs/nice-linux-arm64-musl@1.1.1,NAO_VERIFICADA
@napi-rs/nice-linux-ppc64-gnu,1.1.1,node_modules/@napi-rs/nice-linux-ppc64-gnu,transitiva,true,true,false,false,linux,ppc64,>= 10,https://registry.npmjs.org/@napi-rs/nice-linux-ppc64-gnu/-/nice-linux-ppc64-gnu-1.1.1.tgz,registry.npmjs.org,sha512,EXCLUIDO_WINDOWS_X64,incompatível com Windows x64 pelos metadados: opcional,@angular/build@21.2.21 > piscina@5.2.0 > @napi-rs/nice@1.1.1 > @napi-rs/nice-linux-ppc64-gnu@1.1.1,NAO_VERIFICADA
@napi-rs/nice-linux-riscv64-gnu,1.1.1,node_modules/@napi-rs/nice-linux-riscv64-gnu,transitiva,true,true,false,false,linux,riscv64,>= 10,https://registry.npmjs.org/@napi-rs/nice-linux-riscv64-gnu/-/nice-linux-riscv64-gnu-1.1.1.tgz,registry.npmjs.org,sha512,EXCLUIDO_WINDOWS_X64,incompatível com Windows x64 pelos metadados: opcional,@angular/build@21.2.21 > piscina@5.2.0 > @napi-rs/nice@1.1.1 > @napi-rs/nice-linux-riscv64-gnu@1.1.1,NAO_VERIFICADA
@napi-rs/nice-linux-s390x-gnu,1.1.1,node_modules/@napi-rs/nice-linux-s390x-gnu,transitiva,true,true,false,false,linux,s390x,>= 10,https://registry.npmjs.org/@napi-rs/nice-linux-s390x-gnu/-/nice-linux-s390x-gnu-1.1.1.tgz,registry.npmjs.org,sha512,EXCLUIDO_WINDOWS_X64,incompatível com Windows x64 pelos metadados: opcional,@angular/build@21.2.21 > piscina@5.2.0 > @napi-rs/nice@1.1.1 > @napi-rs/nice-linux-s390x-gnu@1.1.1,NAO_VERIFICADA
@napi-rs/nice-linux-x64-gnu,1.1.1,node_modules/@napi-rs/nice-linux-x64-gnu,transitiva,true,true,false,false,linux,x64,>= 10,https://registry.npmjs.org/@napi-rs/nice-linux-x64-gnu/-/nice-linux-x64-gnu-1.1.1.tgz,registry.npmjs.org,sha512,EXCLUIDO_WINDOWS_X64,incompatível com Windows x64 pelos metadados: opcional,@angular/build@21.2.21 > piscina@5.2.0 > @napi-rs/nice@1.1.1 > @napi-rs/nice-linux-x64-gnu@1.1.1,NAO_VERIFICADA
@napi-rs/nice-linux-x64-musl,1.1.1,node_modules/@napi-rs/nice-linux-x64-musl,transitiva,true,true,false,false,linux,x64,>= 10,https://registry.npmjs.org/@napi-rs/nice-linux-x64-musl/-/nice-linux-x64-musl-1.1.1.tgz,registry.npmjs.org,sha512,EXCLUIDO_WINDOWS_X64,incompatível com Windows x64 pelos metadados: opcional,@angular/build@21.2.21 > piscina@5.2.0 > @napi-rs/nice@1.1.1 > @napi-rs/nice-linux-x64-musl@1.1.1,NAO_VERIFICADA
@napi-rs/nice-openharmony-arm64,1.1.1,node_modules/@napi-rs/nice-openharmony-arm64,transitiva,true,true,false,false,openharmony,arm64,>= 10,https://registry.npmjs.org/@napi-rs/nice-openharmony-arm64/-/nice-openharmony-arm64-1.1.1.tgz,registry.npmjs.org,sha512,EXCLUIDO_WINDOWS_X64,incompatível com Windows x64 pelos metadados: opcional,@angular/build@21.2.21 > piscina@5.2.0 > @napi-rs/nice@1.1.1 > @napi-rs/nice-openharmony-arm64@1.1.1,NAO_VERIFICADA
@napi-rs/nice-win32-arm64-msvc,1.1.1,node_modules/@napi-rs/nice-win32-arm64-msvc,transitiva,true,true,false,false,win32,arm64,>= 10,https://registry.npmjs.org/@napi-rs/nice-win32-arm64-msvc/-/nice-win32-arm64-msvc-1.1.1.tgz,registry.npmjs.org,sha512,EXCLUIDO_WINDOWS_X64,incompatível com Windows x64 pelos metadados: opcional,@angular/build@21.2.21 > piscina@5.2.0 > @napi-rs/nice@1.1.1 > @napi-rs/nice-win32-arm64-msvc@1.1.1,NAO_VERIFICADA
@napi-rs/nice-win32-ia32-msvc,1.1.1,node_modules/@napi-rs/nice-win32-ia32-msvc,transitiva,true,true,false,false,win32,ia32,>= 10,https://registry.npmjs.org/@napi-rs/nice-win32-ia32-msvc/-/nice-win32-ia32-msvc-1.1.1.tgz,registry.npmjs.org,sha512,EXCLUIDO_WINDOWS_X64,incompatível com Windows x64 pelos metadados: opcional,@angular/build@21.2.21 > piscina@5.2.0 > @napi-rs/nice@1.1.1 > @napi-rs/nice-win32-ia32-msvc@1.1.1,NAO_VERIFICADA
@napi-rs/nice-win32-x64-msvc,1.1.1,node_modules/@napi-rs/nice-win32-x64-msvc,transitiva,true,true,true,false,win32,x64,>= 10,https://registry.npmjs.org/@napi-rs/nice-win32-x64-msvc/-/nice-win32-x64-msvc-1.1.1.tgz,registry.npmjs.org,sha512,CANDIDATO_OPCIONAL,"artefato nativo Windows x64: confirmar disponibilidade | opcional: ausência pode afetar desempenho ou build, depende do consumidor",@angular/build@21.2.21 > piscina@5.2.0 > @napi-rs/nice@1.1.1 > @napi-rs/nice-win32-x64-msvc@1.1.1,NAO_VERIFICADA
@napi-rs/wasm-runtime,1.2.3,node_modules/@napi-rs/wasm-runtime,transitiva,true,true,true,false,,,^20.19.0 || ^22.13.0 || >=23.5.0,https://registry.npmjs.org/@napi-rs/wasm-runtime/-/wasm-runtime-1.2.3.tgz,registry.npmjs.org,sha512,CANDIDATO_OPCIONAL,"opcional: ausência pode afetar desempenho ou build, depende do consumidor",@angular/build@21.2.21 > rolldown@1.0.0-rc.4 > @rolldown/binding-wasm32-wasi@1.0.0-rc.4 > @napi-rs/wasm-runtime@1.2.3,NAO_VERIFICADA
@npmcli/agent,4.0.2,node_modules/@npmcli/agent,transitiva,true,false,true,false,,,^20.17.0 || >=22.9.0,https://registry.npmjs.org/@npmcli/agent/-/agent-4.0.2.tgz,registry.npmjs.org,sha512,CANDIDATO_NAO_OPCIONAL,artefato sem bloqueio específico conhecido; acesso Nexus não verificado,@angular/cli@21.2.21 > pacote@21.5.1 > npm-registry-fetch@19.1.1 > make-fetch-happen@15.0.6 > @npmcli/agent@4.0.2,NAO_VERIFICADA
@npmcli/fs,5.0.0,node_modules/@npmcli/fs,transitiva,true,false,true,false,,,^20.17.0 || >=22.9.0,https://registry.npmjs.org/@npmcli/fs/-/fs-5.0.0.tgz,registry.npmjs.org,sha512,CANDIDATO_NAO_OPCIONAL,artefato sem bloqueio específico conhecido; acesso Nexus não verificado,@angular/cli@21.2.21 > pacote@21.5.1 > cacache@20.0.4 > @npmcli/fs@5.0.0,NAO_VERIFICADA
@npmcli/git,7.0.2,node_modules/@npmcli/git,transitiva,true,false,true,false,,,^20.17.0 || >=22.9.0,https://registry.npmjs.org/@npmcli/git/-/git-7.0.2.tgz,registry.npmjs.org,sha512,CANDIDATO_NAO_OPCIONAL,artefato sem bloqueio específico conhecido; acesso Nexus não verificado,@angular/cli@21.2.21 > pacote@21.5.1 > @npmcli/git@7.0.2,NAO_VERIFICADA
@npmcli/installed-package-contents,4.0.0,node_modules/@npmcli/installed-package-contents,transitiva,true,false,true,false,,,^20.17.0 || >=22.9.0,https://registry.npmjs.org/@npmcli/installed-package-contents/-/installed-package-contents-4.0.0.tgz,registry.npmjs.org,sha512,CANDIDATO_NAO_OPCIONAL,artefato sem bloqueio específico conhecido; acesso Nexus não verificado,@angular/cli@21.2.21 > pacote@21.5.1 > @npmcli/installed-package-contents@4.0.0,NAO_VERIFICADA
@npmcli/node-gyp,5.0.0,node_modules/@npmcli/node-gyp,transitiva,true,false,true,false,,,^20.17.0 || >=22.9.0,https://registry.npmjs.org/@npmcli/node-gyp/-/node-gyp-5.0.0.tgz,registry.npmjs.org,sha512,CANDIDATO_NAO_OPCIONAL,artefato sem bloqueio específico conhecido; acesso Nexus não verificado,@angular/cli@21.2.21 > pacote@21.5.1 > @npmcli/run-script@10.0.4 > @npmcli/node-gyp@5.0.0,NAO_VERIFICADA
@npmcli/package-json,7.0.5,node_modules/@npmcli/package-json,transitiva,true,false,true,false,,,^20.17.0 || >=22.9.0,https://registry.npmjs.org/@npmcli/package-json/-/package-json-7.0.5.tgz,registry.npmjs.org,sha512,CANDIDATO_NAO_OPCIONAL,artefato sem bloqueio específico conhecido; acesso Nexus não verificado,@angular/cli@21.2.21 > pacote@21.5.1 > @npmcli/package-json@7.0.5,NAO_VERIFICADA
@npmcli/promise-spawn,9.0.1,node_modules/@npmcli/promise-spawn,transitiva,true,false,true,false,,,^20.17.0 || >=22.9.0,https://registry.npmjs.org/@npmcli/promise-spawn/-/promise-spawn-9.0.1.tgz,registry.npmjs.org,sha512,CANDIDATO_NAO_OPCIONAL,artefato sem bloqueio específico conhecido; acesso Nexus não verificado,@angular/cli@21.2.21 > pacote@21.5.1 > @npmcli/promise-spawn@9.0.1,NAO_VERIFICADA
@npmcli/redact,4.0.0,node_modules/@npmcli/redact,transitiva,true,false,true,false,,,^20.17.0 || >=22.9.0,https://registry.npmjs.org/@npmcli/redact/-/redact-4.0.0.tgz,registry.npmjs.org,sha512,CANDIDATO_NAO_OPCIONAL,artefato sem bloqueio específico conhecido; acesso Nexus não verificado,@angular/cli@21.2.21 > pacote@21.5.1 > npm-registry-fetch@19.1.1 > @npmcli/redact@4.0.0,NAO_VERIFICADA
@npmcli/run-script,10.0.4,node_modules/@npmcli/run-script,transitiva,true,false,true,false,,,^20.17.0 || >=22.9.0,https://registry.npmjs.org/@npmcli/run-script/-/run-script-10.0.4.tgz,registry.npmjs.org,sha512,CANDIDATO_NAO_OPCIONAL,artefato sem bloqueio específico conhecido; acesso Nexus não verificado,@angular/cli@21.2.21 > pacote@21.5.1 > @npmcli/run-script@10.0.4,NAO_VERIFICADA
@oxc-project/types,0.113.0,node_modules/@oxc-project/types,transitiva,true,false,true,false,,,,https://registry.npmjs.org/@oxc-project/types/-/types-0.113.0.tgz,registry.npmjs.org,sha512,CANDIDATO_NAO_OPCIONAL,artefato sem bloqueio específico conhecido; acesso Nexus não verificado,@angular/build@21.2.21 > rolldown@1.0.0-rc.4 > @oxc-project/types@0.113.0,NAO_VERIFICADA
@parcel/watcher,2.6.0,node_modules/@parcel/watcher,transitiva,true,true,true,true,,,>= 10.0.0,https://registry.npmjs.org/@parcel/watcher/-/watcher-2.6.0.tgz,registry.npmjs.org,sha512,CANDIDATO_OPCIONAL,"script de instalação declarado: requer avaliação | opcional: ausência pode afetar desempenho ou build, depende do consumidor",@angular/build@21.2.21 > sass@1.97.3 > @parcel/watcher@2.6.0,NAO_VERIFICADA
@parcel/watcher-android-arm64,2.6.0,node_modules/@parcel/watcher-android-arm64,transitiva,true,true,false,false,android,arm64,>= 10.0.0,https://registry.npmjs.org/@parcel/watcher-android-arm64/-/watcher-android-arm64-2.6.0.tgz,registry.npmjs.org,sha512,EXCLUIDO_WINDOWS_X64,incompatível com Windows x64 pelos metadados: opcional,@angular/build@21.2.21 > sass@1.97.3 > @parcel/watcher@2.6.0 > @parcel/watcher-android-arm64@2.6.0,NAO_VERIFICADA
@parcel/watcher-darwin-arm64,2.6.0,node_modules/@parcel/watcher-darwin-arm64,transitiva,true,true,false,false,darwin,arm64,>= 10.0.0,https://registry.npmjs.org/@parcel/watcher-darwin-arm64/-/watcher-darwin-arm64-2.6.0.tgz,registry.npmjs.org,sha512,EXCLUIDO_WINDOWS_X64,incompatível com Windows x64 pelos metadados: opcional,@angular/build@21.2.21 > sass@1.97.3 > @parcel/watcher@2.6.0 > @parcel/watcher-darwin-arm64@2.6.0,NAO_VERIFICADA
@parcel/watcher-darwin-x64,2.6.0,node_modules/@parcel/watcher-darwin-x64,transitiva,true,true,false,false,darwin,x64,>= 10.0.0,https://registry.npmjs.org/@parcel/watcher-darwin-x64/-/watcher-darwin-x64-2.6.0.tgz,registry.npmjs.org,sha512,EXCLUIDO_WINDOWS_X64,incompatível com Windows x64 pelos metadados: opcional,@angular/build@21.2.21 > sass@1.97.3 > @parcel/watcher@2.6.0 > @parcel/watcher-darwin-x64@2.6.0,NAO_VERIFICADA
@parcel/watcher-freebsd-x64,2.6.0,node_modules/@parcel/watcher-freebsd-x64,transitiva,true,true,false,false,freebsd,x64,>= 10.0.0,https://registry.npmjs.org/@parcel/watcher-freebsd-x64/-/watcher-freebsd-x64-2.6.0.tgz,registry.npmjs.org,sha512,EXCLUIDO_WINDOWS_X64,incompatível com Windows x64 pelos metadados: opcional,@angular/build@21.2.21 > sass@1.97.3 > @parcel/watcher@2.6.0 > @parcel/watcher-freebsd-x64@2.6.0,NAO_VERIFICADA
@parcel/watcher-linux-arm-glibc,2.6.0,node_modules/@parcel/watcher-linux-arm-glibc,transitiva,true,true,false,false,linux,arm,>= 10.0.0,https://registry.npmjs.org/@parcel/watcher-linux-arm-glibc/-/watcher-linux-arm-glibc-2.6.0.tgz,registry.npmjs.org,sha512,EXCLUIDO_WINDOWS_X64,incompatível com Windows x64 pelos metadados: opcional,@angular/build@21.2.21 > sass@1.97.3 > @parcel/watcher@2.6.0 > @parcel/watcher-linux-arm-glibc@2.6.0,NAO_VERIFICADA
@parcel/watcher-linux-arm-musl,2.6.0,node_modules/@parcel/watcher-linux-arm-musl,transitiva,true,true,false,false,linux,arm,>= 10.0.0,https://registry.npmjs.org/@parcel/watcher-linux-arm-musl/-/watcher-linux-arm-musl-2.6.0.tgz,registry.npmjs.org,sha512,EXCLUIDO_WINDOWS_X64,incompatível com Windows x64 pelos metadados: opcional,@angular/build@21.2.21 > sass@1.97.3 > @parcel/watcher@2.6.0 > @parcel/watcher-linux-arm-musl@2.6.0,NAO_VERIFICADA
@parcel/watcher-linux-arm64-glibc,2.6.0,node_modules/@parcel/watcher-linux-arm64-glibc,transitiva,true,true,false,false,linux,arm64,>= 10.0.0,https://registry.npmjs.org/@parcel/watcher-linux-arm64-glibc/-/watcher-linux-arm64-glibc-2.6.0.tgz,registry.npmjs.org,sha512,EXCLUIDO_WINDOWS_X64,incompatível com Windows x64 pelos metadados: opcional,@angular/build@21.2.21 > sass@1.97.3 > @parcel/watcher@2.6.0 > @parcel/watcher-linux-arm64-glibc@2.6.0,NAO_VERIFICADA
@parcel/watcher-linux-arm64-musl,2.6.0,node_modules/@parcel/watcher-linux-arm64-musl,transitiva,true,true,false,false,linux,arm64,>= 10.0.0,https://registry.npmjs.org/@parcel/watcher-linux-arm64-musl/-/watcher-linux-arm64-musl-2.6.0.tgz,registry.npmjs.org,sha512,EXCLUIDO_WINDOWS_X64,incompatível com Windows x64 pelos metadados: opcional,@angular/build@21.2.21 > sass@1.97.3 > @parcel/watcher@2.6.0 > @parcel/watcher-linux-arm64-musl@2.6.0,NAO_VERIFICADA
@parcel/watcher-linux-x64-glibc,2.6.0,node_modules/@parcel/watcher-linux-x64-glibc,transitiva,true,true,false,false,linux,x64,>= 10.0.0,https://registry.npmjs.org/@parcel/watcher-linux-x64-glibc/-/watcher-linux-x64-glibc-2.6.0.tgz,registry.npmjs.org,sha512,EXCLUIDO_WINDOWS_X64,incompatível com Windows x64 pelos metadados: opcional,@angular/build@21.2.21 > sass@1.97.3 > @parcel/watcher@2.6.0 > @parcel/watcher-linux-x64-glibc@2.6.0,NAO_VERIFICADA
@parcel/watcher-linux-x64-musl,2.6.0,node_modules/@parcel/watcher-linux-x64-musl,transitiva,true,true,false,false,linux,x64,>= 10.0.0,https://registry.npmjs.org/@parcel/watcher-linux-x64-musl/-/watcher-linux-x64-musl-2.6.0.tgz,registry.npmjs.org,sha512,EXCLUIDO_WINDOWS_X64,incompatível com Windows x64 pelos metadados: opcional,@angular/build@21.2.21 > sass@1.97.3 > @parcel/watcher@2.6.0 > @parcel/watcher-linux-x64-musl@2.6.0,NAO_VERIFICADA
@parcel/watcher-win32-arm64,2.6.0,node_modules/@parcel/watcher-win32-arm64,transitiva,true,true,false,false,win32,arm64,>= 10.0.0,https://registry.npmjs.org/@parcel/watcher-win32-arm64/-/watcher-win32-arm64-2.6.0.tgz,registry.npmjs.org,sha512,EXCLUIDO_WINDOWS_X64,incompatível com Windows x64 pelos metadados: opcional,@angular/build@21.2.21 > sass@1.97.3 > @parcel/watcher@2.6.0 > @parcel/watcher-win32-arm64@2.6.0,NAO_VERIFICADA
@parcel/watcher-win32-x64,2.6.0,node_modules/@parcel/watcher-win32-x64,transitiva,true,true,true,false,win32,x64,>= 10.0.0,https://registry.npmjs.org/@parcel/watcher-win32-x64/-/watcher-win32-x64-2.6.0.tgz,registry.npmjs.org,sha512,CANDIDATO_OPCIONAL,"artefato nativo Windows x64: confirmar disponibilidade | opcional: ausência pode afetar desempenho ou build, depende do consumidor",@angular/build@21.2.21 > sass@1.97.3 > @parcel/watcher@2.6.0 > @parcel/watcher-win32-x64@2.6.0,NAO_VERIFICADA
@rolldown/binding-android-arm64,1.0.0-rc.4,node_modules/@rolldown/binding-android-arm64,transitiva,true,true,false,false,android,arm64,^20.19.0 || >=22.12.0,https://registry.npmjs.org/@rolldown/binding-android-arm64/-/binding-android-arm64-1.0.0-rc.4.tgz,registry.npmjs.org,sha512,EXCLUIDO_WINDOWS_X64,release candidate (verificar política de pré-lançamento) | incompatível com Windows x64 pelos metadados: opcional,@angular/build@21.2.21 > rolldown@1.0.0-rc.4 > @rolldown/binding-android-arm64@1.0.0-rc.4,NAO_VERIFICADA
@rolldown/binding-darwin-arm64,1.0.0-rc.4,node_modules/@rolldown/binding-darwin-arm64,transitiva,true,true,false,false,darwin,arm64,^20.19.0 || >=22.12.0,https://registry.npmjs.org/@rolldown/binding-darwin-arm64/-/binding-darwin-arm64-1.0.0-rc.4.tgz,registry.npmjs.org,sha512,EXCLUIDO_WINDOWS_X64,release candidate (verificar política de pré-lançamento) | incompatível com Windows x64 pelos metadados: opcional,@angular/build@21.2.21 > rolldown@1.0.0-rc.4 > @rolldown/binding-darwin-arm64@1.0.0-rc.4,NAO_VERIFICADA
@rolldown/binding-darwin-x64,1.0.0-rc.4,node_modules/@rolldown/binding-darwin-x64,transitiva,true,true,false,false,darwin,x64,^20.19.0 || >=22.12.0,https://registry.npmjs.org/@rolldown/binding-darwin-x64/-/binding-darwin-x64-1.0.0-rc.4.tgz,registry.npmjs.org,sha512,EXCLUIDO_WINDOWS_X64,release candidate (verificar política de pré-lançamento) | incompatível com Windows x64 pelos metadados: opcional,@angular/build@21.2.21 > rolldown@1.0.0-rc.4 > @rolldown/binding-darwin-x64@1.0.0-rc.4,NAO_VERIFICADA
@rolldown/binding-freebsd-x64,1.0.0-rc.4,node_modules/@rolldown/binding-freebsd-x64,transitiva,true,true,false,false,freebsd,x64,^20.19.0 || >=22.12.0,https://registry.npmjs.org/@rolldown/binding-freebsd-x64/-/binding-freebsd-x64-1.0.0-rc.4.tgz,registry.npmjs.org,sha512,EXCLUIDO_WINDOWS_X64,release candidate (verificar política de pré-lançamento) | incompatível com Windows x64 pelos metadados: opcional,@angular/build@21.2.21 > rolldown@1.0.0-rc.4 > @rolldown/binding-freebsd-x64@1.0.0-rc.4,NAO_VERIFICADA
@rolldown/binding-linux-arm-gnueabihf,1.0.0-rc.4,node_modules/@rolldown/binding-linux-arm-gnueabihf,transitiva,true,true,false,false,linux,arm,^20.19.0 || >=22.12.0,https://registry.npmjs.org/@rolldown/binding-linux-arm-gnueabihf/-/binding-linux-arm-gnueabihf-1.0.0-rc.4.tgz,registry.npmjs.org,sha512,EXCLUIDO_WINDOWS_X64,release candidate (verificar política de pré-lançamento) | incompatível com Windows x64 pelos metadados: opcional,@angular/build@21.2.21 > rolldown@1.0.0-rc.4 > @rolldown/binding-linux-arm-gnueabihf@1.0.0-rc.4,NAO_VERIFICADA
@rolldown/binding-linux-arm64-gnu,1.0.0-rc.4,node_modules/@rolldown/binding-linux-arm64-gnu,transitiva,true,true,false,false,linux,arm64,^20.19.0 || >=22.12.0,https://registry.npmjs.org/@rolldown/binding-linux-arm64-gnu/-/binding-linux-arm64-gnu-1.0.0-rc.4.tgz,registry.npmjs.org,sha512,EXCLUIDO_WINDOWS_X64,release candidate (verificar política de pré-lançamento) | incompatível com Windows x64 pelos metadados: opcional,@angular/build@21.2.21 > rolldown@1.0.0-rc.4 > @rolldown/binding-linux-arm64-gnu@1.0.0-rc.4,NAO_VERIFICADA
@rolldown/binding-linux-arm64-musl,1.0.0-rc.4,node_modules/@rolldown/binding-linux-arm64-musl,transitiva,true,true,false,false,linux,arm64,^20.19.0 || >=22.12.0,https://registry.npmjs.org/@rolldown/binding-linux-arm64-musl/-/binding-linux-arm64-musl-1.0.0-rc.4.tgz,registry.npmjs.org,sha512,EXCLUIDO_WINDOWS_X64,release candidate (verificar política de pré-lançamento) | incompatível com Windows x64 pelos metadados: opcional,@angular/build@21.2.21 > rolldown@1.0.0-rc.4 > @rolldown/binding-linux-arm64-musl@1.0.0-rc.4,NAO_VERIFICADA
@rolldown/binding-linux-x64-gnu,1.0.0-rc.4,node_modules/@rolldown/binding-linux-x64-gnu,transitiva,true,true,false,false,linux,x64,^20.19.0 || >=22.12.0,https://registry.npmjs.org/@rolldown/binding-linux-x64-gnu/-/binding-linux-x64-gnu-1.0.0-rc.4.tgz,registry.npmjs.org,sha512,EXCLUIDO_WINDOWS_X64,release candidate (verificar política de pré-lançamento) | incompatível com Windows x64 pelos metadados: opcional,@angular/build@21.2.21 > rolldown@1.0.0-rc.4 > @rolldown/binding-linux-x64-gnu@1.0.0-rc.4,NAO_VERIFICADA
@rolldown/binding-linux-x64-musl,1.0.0-rc.4,node_modules/@rolldown/binding-linux-x64-musl,transitiva,true,true,false,false,linux,x64,^20.19.0 || >=22.12.0,https://registry.npmjs.org/@rolldown/binding-linux-x64-musl/-/binding-linux-x64-musl-1.0.0-rc.4.tgz,registry.npmjs.org,sha512,EXCLUIDO_WINDOWS_X64,release candidate (verificar política de pré-lançamento) | incompatível com Windows x64 pelos metadados: opcional,@angular/build@21.2.21 > rolldown@1.0.0-rc.4 > @rolldown/binding-linux-x64-musl@1.0.0-rc.4,NAO_VERIFICADA
@rolldown/binding-openharmony-arm64,1.0.0-rc.4,node_modules/@rolldown/binding-openharmony-arm64,transitiva,true,true,false,false,openharmony,arm64,^20.19.0 || >=22.12.0,https://registry.npmjs.org/@rolldown/binding-openharmony-arm64/-/binding-openharmony-arm64-1.0.0-rc.4.tgz,registry.npmjs.org,sha512,EXCLUIDO_WINDOWS_X64,release candidate (verificar política de pré-lançamento) | incompatível com Windows x64 pelos metadados: opcional,@angular/build@21.2.21 > rolldown@1.0.0-rc.4 > @rolldown/binding-openharmony-arm64@1.0.0-rc.4,NAO_VERIFICADA
@rolldown/binding-wasm32-wasi,1.0.0-rc.4,node_modules/@rolldown/binding-wasm32-wasi,transitiva,true,true,false,false,,wasm32,>=14.0.0,https://registry.npmjs.org/@rolldown/binding-wasm32-wasi/-/binding-wasm32-wasi-1.0.0-rc.4.tgz,registry.npmjs.org,sha512,EXCLUIDO_WINDOWS_X64,release candidate (verificar política de pré-lançamento) | incompatível com Windows x64 pelos metadados: opcional,@angular/build@21.2.21 > rolldown@1.0.0-rc.4 > @rolldown/binding-wasm32-wasi@1.0.0-rc.4,NAO_VERIFICADA
@rolldown/binding-win32-arm64-msvc,1.0.0-rc.4,node_modules/@rolldown/binding-win32-arm64-msvc,transitiva,true,true,false,false,win32,arm64,^20.19.0 || >=22.12.0,https://registry.npmjs.org/@rolldown/binding-win32-arm64-msvc/-/binding-win32-arm64-msvc-1.0.0-rc.4.tgz,registry.npmjs.org,sha512,EXCLUIDO_WINDOWS_X64,release candidate (verificar política de pré-lançamento) | incompatível com Windows x64 pelos metadados: opcional,@angular/build@21.2.21 > rolldown@1.0.0-rc.4 > @rolldown/binding-win32-arm64-msvc@1.0.0-rc.4,NAO_VERIFICADA
@rolldown/binding-win32-x64-msvc,1.0.0-rc.4,node_modules/@rolldown/binding-win32-x64-msvc,transitiva,true,true,true,false,win32,x64,^20.19.0 || >=22.12.0,https://registry.npmjs.org/@rolldown/binding-win32-x64-msvc/-/binding-win32-x64-msvc-1.0.0-rc.4.tgz,registry.npmjs.org,sha512,CANDIDATO_OPCIONAL,"artefato nativo Windows x64: confirmar disponibilidade | release candidate (verificar política de pré-lançamento) | opcional: ausência pode afetar desempenho ou build, depende do consumidor",@angular/build@21.2.21 > rolldown@1.0.0-rc.4 > @rolldown/binding-win32-x64-msvc@1.0.0-rc.4,NAO_VERIFICADA
@rolldown/pluginutils,1.0.0-rc.4,node_modules/@rolldown/pluginutils,transitiva,true,false,true,false,,,,https://registry.npmjs.org/@rolldown/pluginutils/-/pluginutils-1.0.0-rc.4.tgz,registry.npmjs.org,sha512,CANDIDATO_NAO_OPCIONAL,release candidate (verificar política de pré-lançamento),@angular/build@21.2.21 > rolldown@1.0.0-rc.4 > @rolldown/pluginutils@1.0.0-rc.4,NAO_VERIFICADA
@rollup/rollup-android-arm-eabi,4.63.1,node_modules/@rollup/rollup-android-arm-eabi,transitiva,true,true,false,false,android,arm,,https://registry.npmjs.org/@rollup/rollup-android-arm-eabi/-/rollup-android-arm-eabi-4.63.1.tgz,registry.npmjs.org,sha512,EXCLUIDO_WINDOWS_X64,incompatível com Windows x64 pelos metadados: opcional,@angular/build@21.2.21 > vite@7.3.6 > rollup@4.63.1 > @rollup/rollup-android-arm-eabi@4.63.1,NAO_VERIFICADA
@rollup/rollup-android-arm64,4.63.1,node_modules/@rollup/rollup-android-arm64,transitiva,true,true,false,false,android,arm64,,https://registry.npmjs.org/@rollup/rollup-android-arm64/-/rollup-android-arm64-4.63.1.tgz,registry.npmjs.org,sha512,EXCLUIDO_WINDOWS_X64,incompatível com Windows x64 pelos metadados: opcional,@angular/build@21.2.21 > vite@7.3.6 > rollup@4.63.1 > @rollup/rollup-android-arm64@4.63.1,NAO_VERIFICADA
@rollup/rollup-darwin-arm64,4.63.1,node_modules/@rollup/rollup-darwin-arm64,transitiva,true,true,false,false,darwin,arm64,,https://registry.npmjs.org/@rollup/rollup-darwin-arm64/-/rollup-darwin-arm64-4.63.1.tgz,registry.npmjs.org,sha512,EXCLUIDO_WINDOWS_X64,incompatível com Windows x64 pelos metadados: opcional,@angular/build@21.2.21 > vite@7.3.6 > rollup@4.63.1 > @rollup/rollup-darwin-arm64@4.63.1,NAO_VERIFICADA
@rollup/rollup-darwin-x64,4.63.1,node_modules/@rollup/rollup-darwin-x64,transitiva,true,true,false,false,darwin,x64,,https://registry.npmjs.org/@rollup/rollup-darwin-x64/-/rollup-darwin-x64-4.63.1.tgz,registry.npmjs.org,sha512,EXCLUIDO_WINDOWS_X64,incompatível com Windows x64 pelos metadados: opcional,@angular/build@21.2.21 > vite@7.3.6 > rollup@4.63.1 > @rollup/rollup-darwin-x64@4.63.1,NAO_VERIFICADA
@rollup/rollup-freebsd-arm64,4.63.1,node_modules/@rollup/rollup-freebsd-arm64,transitiva,true,true,false,false,freebsd,arm64,,https://registry.npmjs.org/@rollup/rollup-freebsd-arm64/-/rollup-freebsd-arm64-4.63.1.tgz,registry.npmjs.org,sha512,EXCLUIDO_WINDOWS_X64,incompatível com Windows x64 pelos metadados: opcional,@angular/build@21.2.21 > vite@7.3.6 > rollup@4.63.1 > @rollup/rollup-freebsd-arm64@4.63.1,NAO_VERIFICADA
@rollup/rollup-freebsd-x64,4.63.1,node_modules/@rollup/rollup-freebsd-x64,transitiva,true,true,false,false,freebsd,x64,,https://registry.npmjs.org/@rollup/rollup-freebsd-x64/-/rollup-freebsd-x64-4.63.1.tgz,registry.npmjs.org,sha512,EXCLUIDO_WINDOWS_X64,incompatível com Windows x64 pelos metadados: opcional,@angular/build@21.2.21 > vite@7.3.6 > rollup@4.63.1 > @rollup/rollup-freebsd-x64@4.63.1,NAO_VERIFICADA
@rollup/rollup-linux-arm-gnueabihf,4.63.1,node_modules/@rollup/rollup-linux-arm-gnueabihf,transitiva,true,true,false,false,linux,arm,,https://registry.npmjs.org/@rollup/rollup-linux-arm-gnueabihf/-/rollup-linux-arm-gnueabihf-4.63.1.tgz,registry.npmjs.org,sha512,EXCLUIDO_WINDOWS_X64,incompatível com Windows x64 pelos metadados: opcional,@angular/build@21.2.21 > vite@7.3.6 > rollup@4.63.1 > @rollup/rollup-linux-arm-gnueabihf@4.63.1,NAO_VERIFICADA
@rollup/rollup-linux-arm-musleabihf,4.63.1,node_modules/@rollup/rollup-linux-arm-musleabihf,transitiva,true,true,false,false,linux,arm,,https://registry.npmjs.org/@rollup/rollup-linux-arm-musleabihf/-/rollup-linux-arm-musleabihf-4.63.1.tgz,registry.npmjs.org,sha512,EXCLUIDO_WINDOWS_X64,incompatível com Windows x64 pelos metadados: opcional,@angular/build@21.2.21 > vite@7.3.6 > rollup@4.63.1 > @rollup/rollup-linux-arm-musleabihf@4.63.1,NAO_VERIFICADA
@rollup/rollup-linux-arm64-gnu,4.63.1,node_modules/@rollup/rollup-linux-arm64-gnu,transitiva,true,true,false,false,linux,arm64,,https://registry.npmjs.org/@rollup/rollup-linux-arm64-gnu/-/rollup-linux-arm64-gnu-4.63.1.tgz,registry.npmjs.org,sha512,EXCLUIDO_WINDOWS_X64,incompatível com Windows x64 pelos metadados: opcional,@angular/build@21.2.21 > vite@7.3.6 > rollup@4.63.1 > @rollup/rollup-linux-arm64-gnu@4.63.1,NAO_VERIFICADA
@rollup/rollup-linux-arm64-musl,4.63.1,node_modules/@rollup/rollup-linux-arm64-musl,transitiva,true,true,false,false,linux,arm64,,https://registry.npmjs.org/@rollup/rollup-linux-arm64-musl/-/rollup-linux-arm64-musl-4.63.1.tgz,registry.npmjs.org,sha512,EXCLUIDO_WINDOWS_X64,incompatível com Windows x64 pelos metadados: opcional,@angular/build@21.2.21 > vite@7.3.6 > rollup@4.63.1 > @rollup/rollup-linux-arm64-musl@4.63.1,NAO_VERIFICADA
@rollup/rollup-linux-loong64-gnu,4.63.1,node_modules/@rollup/rollup-linux-loong64-gnu,transitiva,true,true,false,false,linux,loong64,,https://registry.npmjs.org/@rollup/rollup-linux-loong64-gnu/-/rollup-linux-loong64-gnu-4.63.1.tgz,registry.npmjs.org,sha512,EXCLUIDO_WINDOWS_X64,incompatível com Windows x64 pelos metadados: opcional,@angular/build@21.2.21 > vite@7.3.6 > rollup@4.63.1 > @rollup/rollup-linux-loong64-gnu@4.63.1,NAO_VERIFICADA
@rollup/rollup-linux-loong64-musl,4.63.1,node_modules/@rollup/rollup-linux-loong64-musl,transitiva,true,true,false,false,linux,loong64,,https://registry.npmjs.org/@rollup/rollup-linux-loong64-musl/-/rollup-linux-loong64-musl-4.63.1.tgz,registry.npmjs.org,sha512,EXCLUIDO_WINDOWS_X64,incompatível com Windows x64 pelos metadados: opcional,@angular/build@21.2.21 > vite@7.3.6 > rollup@4.63.1 > @rollup/rollup-linux-loong64-musl@4.63.1,NAO_VERIFICADA
@rollup/rollup-linux-ppc64-gnu,4.63.1,node_modules/@rollup/rollup-linux-ppc64-gnu,transitiva,true,true,false,false,linux,ppc64,,https://registry.npmjs.org/@rollup/rollup-linux-ppc64-gnu/-/rollup-linux-ppc64-gnu-4.63.1.tgz,registry.npmjs.org,sha512,EXCLUIDO_WINDOWS_X64,incompatível com Windows x64 pelos metadados: opcional,@angular/build@21.2.21 > vite@7.3.6 > rollup@4.63.1 > @rollup/rollup-linux-ppc64-gnu@4.63.1,NAO_VERIFICADA
@rollup/rollup-linux-ppc64-musl,4.63.1,node_modules/@rollup/rollup-linux-ppc64-musl,transitiva,true,true,false,false,linux,ppc64,,https://registry.npmjs.org/@rollup/rollup-linux-ppc64-musl/-/rollup-linux-ppc64-musl-4.63.1.tgz,registry.npmjs.org,sha512,EXCLUIDO_WINDOWS_X64,incompatível com Windows x64 pelos metadados: opcional,@angular/build@21.2.21 > vite@7.3.6 > rollup@4.63.1 > @rollup/rollup-linux-ppc64-musl@4.63.1,NAO_VERIFICADA
@rollup/rollup-linux-riscv64-gnu,4.63.1,node_modules/@rollup/rollup-linux-riscv64-gnu,transitiva,true,true,false,false,linux,riscv64,,https://registry.npmjs.org/@rollup/rollup-linux-riscv64-gnu/-/rollup-linux-riscv64-gnu-4.63.1.tgz,registry.npmjs.org,sha512,EXCLUIDO_WINDOWS_X64,incompatível com Windows x64 pelos metadados: opcional,@angular/build@21.2.21 > vite@7.3.6 > rollup@4.63.1 > @rollup/rollup-linux-riscv64-gnu@4.63.1,NAO_VERIFICADA
@rollup/rollup-linux-riscv64-musl,4.63.1,node_modules/@rollup/rollup-linux-riscv64-musl,transitiva,true,true,false,false,linux,riscv64,,https://registry.npmjs.org/@rollup/rollup-linux-riscv64-musl/-/rollup-linux-riscv64-musl-4.63.1.tgz,registry.npmjs.org,sha512,EXCLUIDO_WINDOWS_X64,incompatível com Windows x64 pelos metadados: opcional,@angular/build@21.2.21 > vite@7.3.6 > rollup@4.63.1 > @rollup/rollup-linux-riscv64-musl@4.63.1,NAO_VERIFICADA
@rollup/rollup-linux-s390x-gnu,4.63.1,node_modules/@rollup/rollup-linux-s390x-gnu,transitiva,true,true,false,false,linux,s390x,,https://registry.npmjs.org/@rollup/rollup-linux-s390x-gnu/-/rollup-linux-s390x-gnu-4.63.1.tgz,registry.npmjs.org,sha512,EXCLUIDO_WINDOWS_X64,incompatível com Windows x64 pelos metadados: opcional,@angular/build@21.2.21 > vite@7.3.6 > rollup@4.63.1 > @rollup/rollup-linux-s390x-gnu@4.63.1,NAO_VERIFICADA
@rollup/rollup-linux-x64-gnu,4.63.1,node_modules/@rollup/rollup-linux-x64-gnu,transitiva,true,true,false,false,linux,x64,,https://registry.npmjs.org/@rollup/rollup-linux-x64-gnu/-/rollup-linux-x64-gnu-4.63.1.tgz,registry.npmjs.org,sha512,EXCLUIDO_WINDOWS_X64,incompatível com Windows x64 pelos metadados: opcional,@angular/build@21.2.21 > vite@7.3.6 > rollup@4.63.1 > @rollup/rollup-linux-x64-gnu@4.63.1,NAO_VERIFICADA
@rollup/rollup-linux-x64-musl,4.63.1,node_modules/@rollup/rollup-linux-x64-musl,transitiva,true,true,false,false,linux,x64,,https://registry.npmjs.org/@rollup/rollup-linux-x64-musl/-/rollup-linux-x64-musl-4.63.1.tgz,registry.npmjs.org,sha512,EXCLUIDO_WINDOWS_X64,incompatível com Windows x64 pelos metadados: opcional,@angular/build@21.2.21 > vite@7.3.6 > rollup@4.63.1 > @rollup/rollup-linux-x64-musl@4.63.1,NAO_VERIFICADA
@rollup/rollup-openbsd-x64,4.63.1,node_modules/@rollup/rollup-openbsd-x64,transitiva,true,true,false,false,openbsd,x64,,https://registry.npmjs.org/@rollup/rollup-openbsd-x64/-/rollup-openbsd-x64-4.63.1.tgz,registry.npmjs.org,sha512,EXCLUIDO_WINDOWS_X64,incompatível com Windows x64 pelos metadados: opcional,@angular/build@21.2.21 > vite@7.3.6 > rollup@4.63.1 > @rollup/rollup-openbsd-x64@4.63.1,NAO_VERIFICADA
@rollup/rollup-openharmony-arm64,4.63.1,node_modules/@rollup/rollup-openharmony-arm64,transitiva,true,true,false,false,openharmony,arm64,,https://registry.npmjs.org/@rollup/rollup-openharmony-arm64/-/rollup-openharmony-arm64-4.63.1.tgz,registry.npmjs.org,sha512,EXCLUIDO_WINDOWS_X64,incompatível com Windows x64 pelos metadados: opcional,@angular/build@21.2.21 > vite@7.3.6 > rollup@4.63.1 > @rollup/rollup-openharmony-arm64@4.63.1,NAO_VERIFICADA
@rollup/rollup-win32-arm64-msvc,4.63.1,node_modules/@rollup/rollup-win32-arm64-msvc,transitiva,true,true,false,false,win32,arm64,,https://registry.npmjs.org/@rollup/rollup-win32-arm64-msvc/-/rollup-win32-arm64-msvc-4.63.1.tgz,registry.npmjs.org,sha512,EXCLUIDO_WINDOWS_X64,incompatível com Windows x64 pelos metadados: opcional,@angular/build@21.2.21 > vite@7.3.6 > rollup@4.63.1 > @rollup/rollup-win32-arm64-msvc@4.63.1,NAO_VERIFICADA
@rollup/rollup-win32-ia32-msvc,4.63.1,node_modules/@rollup/rollup-win32-ia32-msvc,transitiva,true,true,false,false,win32,ia32,,https://registry.npmjs.org/@rollup/rollup-win32-ia32-msvc/-/rollup-win32-ia32-msvc-4.63.1.tgz,registry.npmjs.org,sha512,EXCLUIDO_WINDOWS_X64,incompatível com Windows x64 pelos metadados: opcional,@angular/build@21.2.21 > vite@7.3.6 > rollup@4.63.1 > @rollup/rollup-win32-ia32-msvc@4.63.1,NAO_VERIFICADA
@rollup/rollup-win32-x64-gnu,4.63.1,node_modules/@rollup/rollup-win32-x64-gnu,transitiva,true,true,true,false,win32,x64,,https://registry.npmjs.org/@rollup/rollup-win32-x64-gnu/-/rollup-win32-x64-gnu-4.63.1.tgz,registry.npmjs.org,sha512,CANDIDATO_OPCIONAL,"artefato nativo Windows x64: confirmar disponibilidade | opcional: ausência pode afetar desempenho ou build, depende do consumidor",@angular/build@21.2.21 > vite@7.3.6 > rollup@4.63.1 > @rollup/rollup-win32-x64-gnu@4.63.1,NAO_VERIFICADA
@rollup/rollup-win32-x64-msvc,4.63.1,node_modules/@rollup/rollup-win32-x64-msvc,transitiva,true,true,true,false,win32,x64,,https://registry.npmjs.org/@rollup/rollup-win32-x64-msvc/-/rollup-win32-x64-msvc-4.63.1.tgz,registry.npmjs.org,sha512,CANDIDATO_OPCIONAL,"artefato nativo Windows x64: confirmar disponibilidade | opcional: ausência pode afetar desempenho ou build, depende do consumidor",@angular/build@21.2.21 > vite@7.3.6 > rollup@4.63.1 > @rollup/rollup-win32-x64-msvc@4.63.1,NAO_VERIFICADA
@schematics/angular,21.2.21,node_modules/@schematics/angular,transitiva,true,false,true,false,,,^20.19.0 || ^22.12.0 || >=24.0.0,https://registry.npmjs.org/@schematics/angular/-/angular-21.2.21.tgz,registry.npmjs.org,sha512,CANDIDATO_NAO_OPCIONAL,artefato sem bloqueio específico conhecido; acesso Nexus não verificado,@angular/cli@21.2.21 > @schematics/angular@21.2.21,NAO_VERIFICADA
@sigstore/bundle,4.0.0,node_modules/@sigstore/bundle,transitiva,true,false,true,false,,,^20.17.0 || >=22.9.0,https://registry.npmjs.org/@sigstore/bundle/-/bundle-4.0.0.tgz,registry.npmjs.org,sha512,CANDIDATO_NAO_OPCIONAL,artefato sem bloqueio específico conhecido; acesso Nexus não verificado,@angular/cli@21.2.21 > pacote@21.5.1 > sigstore@4.1.1 > @sigstore/bundle@4.0.0,NAO_VERIFICADA
@sigstore/core,3.2.1,node_modules/@sigstore/core,transitiva,true,false,true,false,,,^20.17.0 || >=22.9.0,https://registry.npmjs.org/@sigstore/core/-/core-3.2.1.tgz,registry.npmjs.org,sha512,CANDIDATO_NAO_OPCIONAL,artefato sem bloqueio específico conhecido; acesso Nexus não verificado,@angular/cli@21.2.21 > pacote@21.5.1 > sigstore@4.1.1 > @sigstore/core@3.2.1,NAO_VERIFICADA
@sigstore/protobuf-specs,0.5.2,node_modules/@sigstore/protobuf-specs,transitiva,true,false,true,false,,,^18.17.0 || >=20.5.0,https://registry.npmjs.org/@sigstore/protobuf-specs/-/protobuf-specs-0.5.2.tgz,registry.npmjs.org,sha512,CANDIDATO_NAO_OPCIONAL,artefato sem bloqueio específico conhecido; acesso Nexus não verificado,@angular/cli@21.2.21 > pacote@21.5.1 > sigstore@4.1.1 > @sigstore/protobuf-specs@0.5.2,NAO_VERIFICADA
@sigstore/sign,4.1.1,node_modules/@sigstore/sign,transitiva,true,false,true,false,,,^20.17.0 || >=22.9.0,https://registry.npmjs.org/@sigstore/sign/-/sign-4.1.1.tgz,registry.npmjs.org,sha512,CANDIDATO_NAO_OPCIONAL,artefato sem bloqueio específico conhecido; acesso Nexus não verificado,@angular/cli@21.2.21 > pacote@21.5.1 > sigstore@4.1.1 > @sigstore/sign@4.1.1,NAO_VERIFICADA
@sigstore/tuf,4.0.2,node_modules/@sigstore/tuf,transitiva,true,false,true,false,,,^20.17.0 || >=22.9.0,https://registry.npmjs.org/@sigstore/tuf/-/tuf-4.0.2.tgz,registry.npmjs.org,sha512,CANDIDATO_NAO_OPCIONAL,artefato sem bloqueio específico conhecido; acesso Nexus não verificado,@angular/cli@21.2.21 > pacote@21.5.1 > sigstore@4.1.1 > @sigstore/tuf@4.0.2,NAO_VERIFICADA
@sigstore/verify,3.1.1,node_modules/@sigstore/verify,transitiva,true,false,true,false,,,^20.17.0 || >=22.9.0,https://registry.npmjs.org/@sigstore/verify/-/verify-3.1.1.tgz,registry.npmjs.org,sha512,CANDIDATO_NAO_OPCIONAL,artefato sem bloqueio específico conhecido; acesso Nexus não verificado,@angular/cli@21.2.21 > pacote@21.5.1 > sigstore@4.1.1 > @sigstore/verify@3.1.1,NAO_VERIFICADA
@standard-schema/spec,1.1.0,node_modules/@standard-schema/spec,transitiva,false,false,true,false,,,,https://registry.npmjs.org/@standard-schema/spec/-/spec-1.1.0.tgz,registry.npmjs.org,sha512,CANDIDATO_NAO_OPCIONAL,artefato sem bloqueio específico conhecido; acesso Nexus não verificado,@angular/forms@21.2.21 > @standard-schema/spec@1.1.0,NAO_VERIFICADA
@tufjs/canonical-json,2.0.0,node_modules/@tufjs/canonical-json,transitiva,true,false,true,false,,,^16.14.0 || >=18.0.0,https://registry.npmjs.org/@tufjs/canonical-json/-/canonical-json-2.0.0.tgz,registry.npmjs.org,sha512,CANDIDATO_NAO_OPCIONAL,artefato sem bloqueio específico conhecido; acesso Nexus não verificado,@angular/cli@21.2.21 > pacote@21.5.1 > sigstore@4.1.1 > @sigstore/tuf@4.0.2 > tuf-js@4.1.0 > @tufjs/models@4.1.0 > @tufjs/canonical-json@2.0.0,NAO_VERIFICADA
@tufjs/models,4.1.0,node_modules/@tufjs/models,transitiva,true,false,true,false,,,^20.17.0 || >=22.9.0,https://registry.npmjs.org/@tufjs/models/-/models-4.1.0.tgz,registry.npmjs.org,sha512,CANDIDATO_NAO_OPCIONAL,artefato sem bloqueio específico conhecido; acesso Nexus não verificado,@angular/cli@21.2.21 > pacote@21.5.1 > sigstore@4.1.1 > @sigstore/tuf@4.0.2 > tuf-js@4.1.0 > @tufjs/models@4.1.0,NAO_VERIFICADA
@tybys/wasm-util,0.10.3,node_modules/@tybys/wasm-util,transitiva,true,true,true,false,,,,https://registry.npmjs.org/@tybys/wasm-util/-/wasm-util-0.10.3.tgz,registry.npmjs.org,sha512,CANDIDATO_OPCIONAL,"opcional: ausência pode afetar desempenho ou build, depende do consumidor",@angular/build@21.2.21 > rolldown@1.0.0-rc.4 > @rolldown/binding-wasm32-wasi@1.0.0-rc.4 > @napi-rs/wasm-runtime@1.2.3 > @tybys/wasm-util@0.10.3,NAO_VERIFICADA
@types/estree,1.0.9,node_modules/@types/estree,transitiva,true,false,true,false,,,,https://registry.npmjs.org/@types/estree/-/estree-1.0.9.tgz,registry.npmjs.org,sha512,CANDIDATO_NAO_OPCIONAL,artefato sem bloqueio específico conhecido; acesso Nexus não verificado,@angular/build@21.2.21 > vite@7.3.6 > rollup@4.63.1 > @types/estree@1.0.9,NAO_VERIFICADA
@vitejs/plugin-basic-ssl,2.1.4,node_modules/@vitejs/plugin-basic-ssl,transitiva,true,false,true,false,,,^18.0.0 || ^20.0.0 || >=22.0.0,https://registry.npmjs.org/@vitejs/plugin-basic-ssl/-/plugin-basic-ssl-2.1.4.tgz,registry.npmjs.org,sha512,CANDIDATO_NAO_OPCIONAL,artefato sem bloqueio específico conhecido; acesso Nexus não verificado,@angular/build@21.2.21 > @vitejs/plugin-basic-ssl@2.1.4,NAO_VERIFICADA
@yarnpkg/lockfile,1.1.0,node_modules/@yarnpkg/lockfile,transitiva,true,false,true,false,,,,https://registry.npmjs.org/@yarnpkg/lockfile/-/lockfile-1.1.0.tgz,registry.npmjs.org,sha512,CANDIDATO_NAO_OPCIONAL,artefato sem bloqueio específico conhecido; acesso Nexus não verificado,@angular/cli@21.2.21 > @yarnpkg/lockfile@1.1.0,NAO_VERIFICADA
abbrev,4.0.0,node_modules/abbrev,transitiva,true,false,true,false,,,^20.17.0 || >=22.9.0,https://registry.npmjs.org/abbrev/-/abbrev-4.0.0.tgz,registry.npmjs.org,sha512,CANDIDATO_NAO_OPCIONAL,artefato sem bloqueio específico conhecido; acesso Nexus não verificado,@angular/cli@21.2.21 > pacote@21.5.1 > @npmcli/run-script@10.0.4 > node-gyp@12.4.0 > nopt@9.0.0 > abbrev@4.0.0,NAO_VERIFICADA
accepts,2.0.0,node_modules/accepts,transitiva,true,false,true,false,,,>= 0.6,https://registry.npmjs.org/accepts/-/accepts-2.0.0.tgz,registry.npmjs.org,sha512,CANDIDATO_NAO_OPCIONAL,artefato sem bloqueio específico conhecido; acesso Nexus não verificado,@angular/cli@21.2.21 > @modelcontextprotocol/sdk@1.30.0 > express@5.2.1 > accepts@2.0.0,NAO_VERIFICADA
agent-base,7.1.4,node_modules/agent-base,transitiva,true,false,true,false,,,>= 14,https://registry.npmjs.org/agent-base/-/agent-base-7.1.4.tgz,registry.npmjs.org,sha512,CANDIDATO_NAO_OPCIONAL,artefato sem bloqueio específico conhecido; acesso Nexus não verificado,@angular/build@21.2.21 > https-proxy-agent@7.0.6 > agent-base@7.1.4,NAO_VERIFICADA
ajv,8.18.0,node_modules/ajv,transitiva,true,false,true,false,,,,https://registry.npmjs.org/ajv/-/ajv-8.18.0.tgz,registry.npmjs.org,sha512,CANDIDATO_NAO_OPCIONAL,artefato sem bloqueio específico conhecido; acesso Nexus não verificado,@angular/cli@21.2.21 > @angular-devkit/core@21.2.21 > ajv@8.18.0,NAO_VERIFICADA
ajv-formats,3.0.1,node_modules/ajv-formats,transitiva,true,false,true,false,,,,https://registry.npmjs.org/ajv-formats/-/ajv-formats-3.0.1.tgz,registry.npmjs.org,sha512,CANDIDATO_NAO_OPCIONAL,artefato sem bloqueio específico conhecido; acesso Nexus não verificado,@angular/cli@21.2.21 > @angular-devkit/core@21.2.21 > ajv-formats@3.0.1,NAO_VERIFICADA
algoliasearch,5.48.1,node_modules/algoliasearch,transitiva,true,false,true,false,,,>= 14.0.0,https://registry.npmjs.org/algoliasearch/-/algoliasearch-5.48.1.tgz,registry.npmjs.org,sha512,CANDIDATO_NAO_OPCIONAL,artefato sem bloqueio específico conhecido; acesso Nexus não verificado,@angular/cli@21.2.21 > algoliasearch@5.48.1,NAO_VERIFICADA
ansi-escapes,7.3.0,node_modules/ansi-escapes,transitiva,true,false,true,false,,,>=18,https://registry.npmjs.org/ansi-escapes/-/ansi-escapes-7.3.0.tgz,registry.npmjs.org,sha512,CANDIDATO_NAO_OPCIONAL,artefato sem bloqueio específico conhecido; acesso Nexus não verificado,@angular/build@21.2.21 > listr2@9.0.5 > log-update@6.1.0 > ansi-escapes@7.3.0,NAO_VERIFICADA
ansi-regex,5.0.1,node_modules/wrap-ansi/node_modules/ansi-regex,transitiva,true,false,true,false,,,>=8,https://registry.npmjs.org/ansi-regex/-/ansi-regex-5.0.1.tgz,registry.npmjs.org,sha512,CANDIDATO_NAO_OPCIONAL,nome com múltiplas versões: homologar cada versão separadamente,@angular/build@21.2.21 > @inquirer/confirm@5.1.21 > @inquirer/core@10.3.2 > wrap-ansi@6.2.0 > strip-ansi@6.0.1 > ansi-regex@5.0.1,NAO_VERIFICADA
ansi-regex,6.3.0,node_modules/ansi-regex,transitiva,true,false,true,false,,,>=12,https://registry.npmjs.org/ansi-regex/-/ansi-regex-6.3.0.tgz,registry.npmjs.org,sha512,CANDIDATO_NAO_OPCIONAL,nome com múltiplas versões: homologar cada versão separadamente,@angular/build@21.2.21 > listr2@9.0.5 > log-update@6.1.0 > strip-ansi@7.2.0 > ansi-regex@6.3.0,NAO_VERIFICADA
ansi-styles,4.3.0,node_modules/wrap-ansi/node_modules/ansi-styles,transitiva,true,false,true,false,,,>=8,https://registry.npmjs.org/ansi-styles/-/ansi-styles-4.3.0.tgz,registry.npmjs.org,sha512,CANDIDATO_NAO_OPCIONAL,nome com múltiplas versões: homologar cada versão separadamente,@angular/build@21.2.21 > @inquirer/confirm@5.1.21 > @inquirer/core@10.3.2 > wrap-ansi@6.2.0 > ansi-styles@4.3.0,NAO_VERIFICADA
ansi-styles,6.2.3,node_modules/ansi-styles,transitiva,true,false,true,false,,,>=12,https://registry.npmjs.org/ansi-styles/-/ansi-styles-6.2.3.tgz,registry.npmjs.org,sha512,CANDIDATO_NAO_OPCIONAL,nome com múltiplas versões: homologar cada versão separadamente,@angular/build@21.2.21 > listr2@9.0.5 > wrap-ansi@9.0.2 > ansi-styles@6.2.3,NAO_VERIFICADA
balanced-match,4.0.4,node_modules/balanced-match,transitiva,true,false,true,false,,,18 || 20 || >=22,https://registry.npmjs.org/balanced-match/-/balanced-match-4.0.4.tgz,registry.npmjs.org,sha512,CANDIDATO_NAO_OPCIONAL,artefato sem bloqueio específico conhecido; acesso Nexus não verificado,@angular/cli@21.2.21 > pacote@21.5.1 > @npmcli/package-json@7.0.5 > glob@13.0.6 > minimatch@10.2.6 > brace-expansion@5.0.9 > balanced-match@4.0.4,NAO_VERIFICADA
baseline-browser-mapping,2.11.21,node_modules/baseline-browser-mapping,transitiva,true,false,true,false,,,>=6.0.0,https://registry.npmjs.org/baseline-browser-mapping/-/baseline-browser-mapping-2.11.21.tgz,registry.npmjs.org,sha512,CANDIDATO_NAO_OPCIONAL,artefato sem bloqueio específico conhecido; acesso Nexus não verificado,@angular/build@21.2.21 > browserslist@4.28.9 > baseline-browser-mapping@2.11.21,NAO_VERIFICADA
beasties,0.4.1,node_modules/beasties,transitiva,true,false,true,false,,,>=18.0.0,https://registry.npmjs.org/beasties/-/beasties-0.4.1.tgz,registry.npmjs.org,sha512,CANDIDATO_NAO_OPCIONAL,artefato sem bloqueio específico conhecido; acesso Nexus não verificado,@angular/build@21.2.21 > beasties@0.4.1,NAO_VERIFICADA
body-parser,2.3.0,node_modules/body-parser,transitiva,true,false,true,false,,,>=18,https://registry.npmjs.org/body-parser/-/body-parser-2.3.0.tgz,registry.npmjs.org,sha512,CANDIDATO_NAO_OPCIONAL,artefato sem bloqueio específico conhecido; acesso Nexus não verificado,@angular/cli@21.2.21 > @modelcontextprotocol/sdk@1.30.0 > express@5.2.1 > body-parser@2.3.0,NAO_VERIFICADA
boolbase,1.0.0,node_modules/boolbase,transitiva,true,false,true,false,,,,https://registry.npmjs.org/boolbase/-/boolbase-1.0.0.tgz,registry.npmjs.org,sha512,CANDIDATO_NAO_OPCIONAL,artefato sem bloqueio específico conhecido; acesso Nexus não verificado,@angular/build@21.2.21 > beasties@0.4.1 > css-select@6.0.0 > boolbase@1.0.0,NAO_VERIFICADA
brace-expansion,5.0.9,node_modules/brace-expansion,transitiva,true,false,true,false,,,20 || >=22,https://registry.npmjs.org/brace-expansion/-/brace-expansion-5.0.9.tgz,registry.npmjs.org,sha512,CANDIDATO_NAO_OPCIONAL,artefato sem bloqueio específico conhecido; acesso Nexus não verificado,@angular/cli@21.2.21 > pacote@21.5.1 > @npmcli/package-json@7.0.5 > glob@13.0.6 > minimatch@10.2.6 > brace-expansion@5.0.9,NAO_VERIFICADA
browserslist,4.28.9,node_modules/browserslist,transitiva,true,false,true,false,,,^6 || ^7 || ^8 || ^9 || ^10 || ^11 || ^12 || >=13.7,https://registry.npmjs.org/browserslist/-/browserslist-4.28.9.tgz,registry.npmjs.org,sha512,CANDIDATO_NAO_OPCIONAL,falha 403 anterior / alternativa versionada (confirmar versão no Nexus),@angular/build@21.2.21 > browserslist@4.28.9,NAO_VERIFICADA
buffer-from,1.1.2,node_modules/buffer-from,transitiva,true,false,true,false,,,,https://registry.npmjs.org/buffer-from/-/buffer-from-1.1.2.tgz,registry.npmjs.org,sha512,CANDIDATO_NAO_OPCIONAL,artefato sem bloqueio específico conhecido; acesso Nexus não verificado,@angular/build@21.2.21 > source-map-support@0.5.21 > buffer-from@1.1.2,NAO_VERIFICADA
bytes,3.1.2,node_modules/bytes,transitiva,true,false,true,false,,,>= 0.8,https://registry.npmjs.org/bytes/-/bytes-3.1.2.tgz,registry.npmjs.org,sha512,CANDIDATO_NAO_OPCIONAL,artefato sem bloqueio específico conhecido; acesso Nexus não verificado,@angular/cli@21.2.21 > @modelcontextprotocol/sdk@1.30.0 > raw-body@3.0.2 > bytes@3.1.2,NAO_VERIFICADA
cacache,20.0.4,node_modules/cacache,transitiva,true,false,true,false,,,^20.17.0 || >=22.9.0,https://registry.npmjs.org/cacache/-/cacache-20.0.4.tgz,registry.npmjs.org,sha512,CANDIDATO_NAO_OPCIONAL,artefato sem bloqueio específico conhecido; acesso Nexus não verificado,@angular/cli@21.2.21 > pacote@21.5.1 > cacache@20.0.4,NAO_VERIFICADA
call-bind-apply-helpers,1.0.2,node_modules/call-bind-apply-helpers,transitiva,true,false,true,false,,,>= 0.4,https://registry.npmjs.org/call-bind-apply-helpers/-/call-bind-apply-helpers-1.0.2.tgz,registry.npmjs.org,sha512,CANDIDATO_NAO_OPCIONAL,artefato sem bloqueio específico conhecido; acesso Nexus não verificado,@angular/cli@21.2.21 > @modelcontextprotocol/sdk@1.30.0 > express@5.2.1 > qs@6.16.0 > side-channel@1.1.1 > side-channel-map@1.0.1 > call-bound@1.0.4 > call-bind-apply-helpers@1.0.2,NAO_VERIFICADA
call-bound,1.0.4,node_modules/call-bound,transitiva,true,false,true,false,,,>= 0.4,https://registry.npmjs.org/call-bound/-/call-bound-1.0.4.tgz,registry.npmjs.org,sha512,CANDIDATO_NAO_OPCIONAL,artefato sem bloqueio específico conhecido; acesso Nexus não verificado,@angular/cli@21.2.21 > @modelcontextprotocol/sdk@1.30.0 > express@5.2.1 > qs@6.16.0 > side-channel@1.1.1 > side-channel-map@1.0.1 > call-bound@1.0.4,NAO_VERIFICADA
caniuse-lite,1.0.30001810,node_modules/caniuse-lite,transitiva,true,false,true,false,,,,https://registry.npmjs.org/caniuse-lite/-/caniuse-lite-1.0.30001810.tgz,registry.npmjs.org,sha512,CANDIDATO_NAO_OPCIONAL,artefato sem bloqueio específico conhecido; acesso Nexus não verificado,@angular/build@21.2.21 > browserslist@4.28.9 > caniuse-lite@1.0.30001810,NAO_VERIFICADA
chalk,5.6.2,node_modules/chalk,transitiva,true,false,true,false,,,^12.17.0 || ^14.13 || >=16.0.0,https://registry.npmjs.org/chalk/-/chalk-5.6.2.tgz,registry.npmjs.org,sha512,CANDIDATO_NAO_OPCIONAL,artefato sem bloqueio específico conhecido; acesso Nexus não verificado,@angular/cli@21.2.21 > @angular-devkit/schematics@21.2.21 > ora@9.3.0 > chalk@5.6.2,NAO_VERIFICADA
chardet,2.2.0,node_modules/chardet,transitiva,true,false,true,false,,,,https://registry.npmjs.org/chardet/-/chardet-2.2.0.tgz,registry.npmjs.org,sha512,CANDIDATO_NAO_OPCIONAL,artefato sem bloqueio específico conhecido; acesso Nexus não verificado,@angular/cli@21.2.21 > @inquirer/prompts@7.10.1 > @inquirer/editor@4.2.23 > @inquirer/external-editor@1.0.3 > chardet@2.2.0,NAO_VERIFICADA
chokidar,4.0.3,node_modules/sass/node_modules/chokidar,transitiva,true,false,true,false,,,>= 14.16.0,https://registry.npmjs.org/chokidar/-/chokidar-4.0.3.tgz,registry.npmjs.org,sha512,CANDIDATO_NAO_OPCIONAL,nome com múltiplas versões: homologar cada versão separadamente,@angular/build@21.2.21 > sass@1.97.3 > chokidar@4.0.3,NAO_VERIFICADA
chokidar,5.0.0,node_modules/chokidar,transitiva,true,false,true,false,,,>= 20.19.0,https://registry.npmjs.org/chokidar/-/chokidar-5.0.0.tgz,registry.npmjs.org,sha512,CANDIDATO_NAO_OPCIONAL,nome com múltiplas versões: homologar cada versão separadamente,@angular/compiler-cli@21.2.21 > chokidar@5.0.0,NAO_VERIFICADA
chownr,3.0.0,node_modules/chownr,transitiva,true,false,true,false,,,>=18,https://registry.npmjs.org/chownr/-/chownr-3.0.0.tgz,registry.npmjs.org,sha512,CANDIDATO_NAO_OPCIONAL,artefato sem bloqueio específico conhecido; acesso Nexus não verificado,@angular/cli@21.2.21 > pacote@21.5.1 > tar@7.5.22 > chownr@3.0.0,NAO_VERIFICADA
cli-cursor,5.0.0,node_modules/cli-cursor,transitiva,true,false,true,false,,,>=18,https://registry.npmjs.org/cli-cursor/-/cli-cursor-5.0.0.tgz,registry.npmjs.org,sha512,CANDIDATO_NAO_OPCIONAL,artefato sem bloqueio específico conhecido; acesso Nexus não verificado,@angular/build@21.2.21 > listr2@9.0.5 > log-update@6.1.0 > cli-cursor@5.0.0,NAO_VERIFICADA
cli-spinners,3.4.0,node_modules/cli-spinners,transitiva,true,false,true,false,,,>=18.20,https://registry.npmjs.org/cli-spinners/-/cli-spinners-3.4.0.tgz,registry.npmjs.org,sha512,CANDIDATO_NAO_OPCIONAL,artefato sem bloqueio específico conhecido; acesso Nexus não verificado,@angular/cli@21.2.21 > @angular-devkit/schematics@21.2.21 > ora@9.3.0 > cli-spinners@3.4.0,NAO_VERIFICADA
cli-truncate,5.2.0,node_modules/cli-truncate,transitiva,true,false,true,false,,,>=20,https://registry.npmjs.org/cli-truncate/-/cli-truncate-5.2.0.tgz,registry.npmjs.org,sha512,CANDIDATO_NAO_OPCIONAL,artefato sem bloqueio específico conhecido; acesso Nexus não verificado,@angular/build@21.2.21 > listr2@9.0.5 > cli-truncate@5.2.0,NAO_VERIFICADA
cli-width,4.1.0,node_modules/cli-width,transitiva,true,false,true,false,,,>= 12,https://registry.npmjs.org/cli-width/-/cli-width-4.1.0.tgz,registry.npmjs.org,sha512,CANDIDATO_NAO_OPCIONAL,artefato sem bloqueio específico conhecido; acesso Nexus não verificado,@angular/build@21.2.21 > @inquirer/confirm@5.1.21 > @inquirer/core@10.3.2 > cli-width@4.1.0,NAO_VERIFICADA
cliui,9.0.1,node_modules/cliui,transitiva,true,false,true,false,,,>=20,https://registry.npmjs.org/cliui/-/cliui-9.0.1.tgz,registry.npmjs.org,sha512,CANDIDATO_NAO_OPCIONAL,artefato sem bloqueio específico conhecido; acesso Nexus não verificado,@angular/cli@21.2.21 > yargs@18.0.0 > cliui@9.0.1,NAO_VERIFICADA
color-convert,2.0.1,node_modules/color-convert,transitiva,true,false,true,false,,,>=7.0.0,https://registry.npmjs.org/color-convert/-/color-convert-2.0.1.tgz,registry.npmjs.org,sha512,CANDIDATO_NAO_OPCIONAL,artefato sem bloqueio específico conhecido; acesso Nexus não verificado,@angular/build@21.2.21 > @inquirer/confirm@5.1.21 > @inquirer/core@10.3.2 > wrap-ansi@6.2.0 > ansi-styles@4.3.0 > color-convert@2.0.1,NAO_VERIFICADA
color-name,1.1.4,node_modules/color-name,transitiva,true,false,true,false,,,,https://registry.npmjs.org/color-name/-/color-name-1.1.4.tgz,registry.npmjs.org,sha512,CANDIDATO_NAO_OPCIONAL,artefato sem bloqueio específico conhecido; acesso Nexus não verificado,@angular/build@21.2.21 > @inquirer/confirm@5.1.21 > @inquirer/core@10.3.2 > wrap-ansi@6.2.0 > ansi-styles@4.3.0 > color-convert@2.0.1 > color-name@1.1.4,NAO_VERIFICADA
colorette,2.0.20,node_modules/colorette,transitiva,true,false,true,false,,,,https://registry.npmjs.org/colorette/-/colorette-2.0.20.tgz,registry.npmjs.org,sha512,CANDIDATO_NAO_OPCIONAL,artefato sem bloqueio específico conhecido; acesso Nexus não verificado,@angular/build@21.2.21 > listr2@9.0.5 > colorette@2.0.20,NAO_VERIFICADA
content-disposition,1.1.0,node_modules/content-disposition,transitiva,true,false,true,false,,,>=18,https://registry.npmjs.org/content-disposition/-/content-disposition-1.1.0.tgz,registry.npmjs.org,sha512,CANDIDATO_NAO_OPCIONAL,artefato sem bloqueio específico conhecido; acesso Nexus não verificado,@angular/cli@21.2.21 > @modelcontextprotocol/sdk@1.30.0 > express@5.2.1 > content-disposition@1.1.0,NAO_VERIFICADA
content-type,1.0.5,node_modules/content-type,transitiva,true,false,true,false,,,>= 0.6,https://registry.npmjs.org/content-type/-/content-type-1.0.5.tgz,registry.npmjs.org,sha512,CANDIDATO_NAO_OPCIONAL,falha 403 anterior / alternativa versionada (confirmar versão no Nexus) | nome com múltiplas versões: homologar cada versão separadamente,@angular/cli@21.2.21 > @modelcontextprotocol/sdk@1.30.0 > content-type@1.0.5,NAO_VERIFICADA
content-type,2.0.0,node_modules/body-parser/node_modules/content-type,transitiva,true,false,true,false,,,>=18,https://registry.npmjs.org/content-type/-/content-type-2.0.0.tgz,registry.npmjs.org,sha512,CANDIDATO_NAO_OPCIONAL,falha 403 anterior / alternativa versionada (confirmar versão no Nexus) | nome com múltiplas versões: homologar cada versão separadamente,@angular/cli@21.2.21 > @modelcontextprotocol/sdk@1.30.0 > express@5.2.1 > body-parser@2.3.0 > content-type@2.0.0,NAO_VERIFICADA
content-type,2.0.0,node_modules/type-is/node_modules/content-type,transitiva,true,false,true,false,,,>=18,https://registry.npmjs.org/content-type/-/content-type-2.0.0.tgz,registry.npmjs.org,sha512,CANDIDATO_NAO_OPCIONAL,falha 403 anterior / alternativa versionada (confirmar versão no Nexus) | nome com múltiplas versões: homologar cada versão separadamente,@angular/cli@21.2.21 > @modelcontextprotocol/sdk@1.30.0 > express@5.2.1 > type-is@2.1.0 > content-type@2.0.0,NAO_VERIFICADA
convert-source-map,1.9.0,node_modules/convert-source-map,transitiva,true,false,true,false,,,,https://registry.npmjs.org/convert-source-map/-/convert-source-map-1.9.0.tgz,registry.npmjs.org,sha512,CANDIDATO_NAO_OPCIONAL,nome com múltiplas versões: homologar cada versão separadamente,@angular/compiler-cli@21.2.21 > convert-source-map@1.9.0,NAO_VERIFICADA
convert-source-map,2.0.0,node_modules/@babel/core/node_modules/convert-source-map,transitiva,true,false,true,false,,,,https://registry.npmjs.org/convert-source-map/-/convert-source-map-2.0.0.tgz,registry.npmjs.org,sha512,CANDIDATO_NAO_OPCIONAL,nome com múltiplas versões: homologar cada versão separadamente,@angular/build@21.2.21 > @babel/core@7.29.7 > convert-source-map@2.0.0,NAO_VERIFICADA
cookie,0.7.2,node_modules/cookie,transitiva,true,false,true,false,,,>= 0.6,https://registry.npmjs.org/cookie/-/cookie-0.7.2.tgz,registry.npmjs.org,sha512,CANDIDATO_NAO_OPCIONAL,artefato sem bloqueio específico conhecido; acesso Nexus não verificado,@angular/cli@21.2.21 > @modelcontextprotocol/sdk@1.30.0 > express@5.2.1 > cookie@0.7.2,NAO_VERIFICADA
cookie-signature,1.2.2,node_modules/cookie-signature,transitiva,true,false,true,false,,,>=6.6.0,https://registry.npmjs.org/cookie-signature/-/cookie-signature-1.2.2.tgz,registry.npmjs.org,sha512,CANDIDATO_NAO_OPCIONAL,artefato sem bloqueio específico conhecido; acesso Nexus não verificado,@angular/cli@21.2.21 > @modelcontextprotocol/sdk@1.30.0 > express@5.2.1 > cookie-signature@1.2.2,NAO_VERIFICADA
cors,2.8.6,node_modules/cors,transitiva,true,false,true,false,,,>= 0.10,https://registry.npmjs.org/cors/-/cors-2.8.6.tgz,registry.npmjs.org,sha512,CANDIDATO_NAO_OPCIONAL,artefato sem bloqueio específico conhecido; acesso Nexus não verificado,@angular/cli@21.2.21 > @modelcontextprotocol/sdk@1.30.0 > cors@2.8.6,NAO_VERIFICADA
cross-spawn,7.0.6,node_modules/cross-spawn,transitiva,true,false,true,false,,,>= 8,https://registry.npmjs.org/cross-spawn/-/cross-spawn-7.0.6.tgz,registry.npmjs.org,sha512,CANDIDATO_NAO_OPCIONAL,artefato sem bloqueio específico conhecido; acesso Nexus não verificado,@angular/cli@21.2.21 > @modelcontextprotocol/sdk@1.30.0 > cross-spawn@7.0.6,NAO_VERIFICADA
css-select,6.0.0,node_modules/css-select,transitiva,true,false,true,false,,,,https://registry.npmjs.org/css-select/-/css-select-6.0.0.tgz,registry.npmjs.org,sha512,CANDIDATO_NAO_OPCIONAL,artefato sem bloqueio específico conhecido; acesso Nexus não verificado,@angular/build@21.2.21 > beasties@0.4.1 > css-select@6.0.0,NAO_VERIFICADA
css-what,7.0.0,node_modules/css-what,transitiva,true,false,true,false,,,>= 6,https://registry.npmjs.org/css-what/-/css-what-7.0.0.tgz,registry.npmjs.org,sha512,CANDIDATO_NAO_OPCIONAL,artefato sem bloqueio específico conhecido; acesso Nexus não verificado,@angular/build@21.2.21 > beasties@0.4.1 > css-what@7.0.0,NAO_VERIFICADA
debug,4.4.3,node_modules/debug,transitiva,true,false,true,false,,,>=6.0,https://registry.npmjs.org/debug/-/debug-4.4.3.tgz,registry.npmjs.org,sha512,CANDIDATO_NAO_OPCIONAL,artefato sem bloqueio específico conhecido; acesso Nexus não verificado,@angular/build@21.2.21 > @babel/core@7.29.7 > debug@4.4.3,NAO_VERIFICADA
depd,2.0.0,node_modules/depd,transitiva,true,false,true,false,,,>= 0.8,https://registry.npmjs.org/depd/-/depd-2.0.0.tgz,registry.npmjs.org,sha512,CANDIDATO_NAO_OPCIONAL,artefato sem bloqueio específico conhecido; acesso Nexus não verificado,@angular/cli@21.2.21 > @modelcontextprotocol/sdk@1.30.0 > express@5.2.1 > depd@2.0.0,NAO_VERIFICADA
detect-libc,2.1.2,node_modules/detect-libc,transitiva,true,true,true,false,,,>=8,https://registry.npmjs.org/detect-libc/-/detect-libc-2.1.2.tgz,registry.npmjs.org,sha512,CANDIDATO_OPCIONAL,"opcional: ausência pode afetar desempenho ou build, depende do consumidor",@angular/build@21.2.21 > sass@1.97.3 > @parcel/watcher@2.6.0 > detect-libc@2.1.2,NAO_VERIFICADA
dom-serializer,2.0.0,node_modules/dom-serializer,transitiva,true,false,true,false,,,,https://registry.npmjs.org/dom-serializer/-/dom-serializer-2.0.0.tgz,registry.npmjs.org,sha512,CANDIDATO_NAO_OPCIONAL,artefato sem bloqueio específico conhecido; acesso Nexus não verificado,@angular/build@21.2.21 > beasties@0.4.1 > dom-serializer@2.0.0,NAO_VERIFICADA
domelementtype,2.3.0,node_modules/domelementtype,transitiva,true,false,true,false,,,,https://registry.npmjs.org/domelementtype/-/domelementtype-2.3.0.tgz,registry.npmjs.org,sha512,CANDIDATO_NAO_OPCIONAL,artefato sem bloqueio específico conhecido; acesso Nexus não verificado,@angular/build@21.2.21 > beasties@0.4.1 > dom-serializer@2.0.0 > domelementtype@2.3.0,NAO_VERIFICADA
domhandler,5.0.3,node_modules/domhandler,transitiva,true,false,true,false,,,>= 4,https://registry.npmjs.org/domhandler/-/domhandler-5.0.3.tgz,registry.npmjs.org,sha512,CANDIDATO_NAO_OPCIONAL,artefato sem bloqueio específico conhecido; acesso Nexus não verificado,@angular/build@21.2.21 > beasties@0.4.1 > domhandler@5.0.3,NAO_VERIFICADA
domutils,3.2.2,node_modules/domutils,transitiva,true,false,true,false,,,,https://registry.npmjs.org/domutils/-/domutils-3.2.2.tgz,registry.npmjs.org,sha512,CANDIDATO_NAO_OPCIONAL,artefato sem bloqueio específico conhecido; acesso Nexus não verificado,@angular/build@21.2.21 > beasties@0.4.1 > css-select@6.0.0 > domutils@3.2.2,NAO_VERIFICADA
dunder-proto,1.0.1,node_modules/dunder-proto,transitiva,true,false,true,false,,,>= 0.4,https://registry.npmjs.org/dunder-proto/-/dunder-proto-1.0.1.tgz,registry.npmjs.org,sha512,CANDIDATO_NAO_OPCIONAL,artefato sem bloqueio específico conhecido; acesso Nexus não verificado,@angular/cli@21.2.21 > @modelcontextprotocol/sdk@1.30.0 > express@5.2.1 > qs@6.16.0 > side-channel@1.1.1 > side-channel-map@1.0.1 > get-intrinsic@1.3.0 > get-proto@1.0.1 > dunder-proto@1.0.1,NAO_VERIFICADA
ee-first,1.1.1,node_modules/ee-first,transitiva,true,false,true,false,,,,https://registry.npmjs.org/ee-first/-/ee-first-1.1.1.tgz,registry.npmjs.org,sha512,CANDIDATO_NAO_OPCIONAL,artefato sem bloqueio específico conhecido; acesso Nexus não verificado,@angular/cli@21.2.21 > @modelcontextprotocol/sdk@1.30.0 > express@5.2.1 > on-finished@2.4.1 > ee-first@1.1.1,NAO_VERIFICADA
electron-to-chromium,1.5.425,node_modules/electron-to-chromium,transitiva,true,false,true,false,,,,https://registry.npmjs.org/electron-to-chromium/-/electron-to-chromium-1.5.425.tgz,registry.npmjs.org,sha512,CANDIDATO_NAO_OPCIONAL,artefato sem bloqueio específico conhecido; acesso Nexus não verificado,@angular/build@21.2.21 > browserslist@4.28.9 > electron-to-chromium@1.5.425,NAO_VERIFICADA
emoji-regex,10.6.0,node_modules/emoji-regex,transitiva,true,false,true,false,,,,https://registry.npmjs.org/emoji-regex/-/emoji-regex-10.6.0.tgz,registry.npmjs.org,sha512,CANDIDATO_NAO_OPCIONAL,nome com múltiplas versões: homologar cada versão separadamente,@angular/cli@21.2.21 > yargs@18.0.0 > string-width@7.2.0 > emoji-regex@10.6.0,NAO_VERIFICADA
emoji-regex,8.0.0,node_modules/wrap-ansi/node_modules/emoji-regex,transitiva,true,false,true,false,,,,https://registry.npmjs.org/emoji-regex/-/emoji-regex-8.0.0.tgz,registry.npmjs.org,sha512,CANDIDATO_NAO_OPCIONAL,nome com múltiplas versões: homologar cada versão separadamente,@angular/build@21.2.21 > @inquirer/confirm@5.1.21 > @inquirer/core@10.3.2 > wrap-ansi@6.2.0 > string-width@4.2.3 > emoji-regex@8.0.0,NAO_VERIFICADA
encodeurl,2.0.0,node_modules/encodeurl,transitiva,true,false,true,false,,,>= 0.8,https://registry.npmjs.org/encodeurl/-/encodeurl-2.0.0.tgz,registry.npmjs.org,sha512,CANDIDATO_NAO_OPCIONAL,artefato sem bloqueio específico conhecido; acesso Nexus não verificado,@angular/cli@21.2.21 > @modelcontextprotocol/sdk@1.30.0 > express@5.2.1 > encodeurl@2.0.0,NAO_VERIFICADA
entities,4.5.0,node_modules/entities,transitiva,true,false,true,false,,,>=0.12,https://registry.npmjs.org/entities/-/entities-4.5.0.tgz,registry.npmjs.org,sha512,CANDIDATO_NAO_OPCIONAL,nome com múltiplas versões: homologar cada versão separadamente,@angular/build@21.2.21 > beasties@0.4.1 > dom-serializer@2.0.0 > entities@4.5.0,NAO_VERIFICADA
entities,6.0.1,node_modules/parse5-html-rewriting-stream/node_modules/entities,transitiva,true,false,true,false,,,>=0.12,https://registry.npmjs.org/entities/-/entities-6.0.1.tgz,registry.npmjs.org,sha512,CANDIDATO_NAO_OPCIONAL,nome com múltiplas versões: homologar cada versão separadamente,@angular/build@21.2.21 > parse5-html-rewriting-stream@8.0.0 > entities@6.0.1,NAO_VERIFICADA
entities,7.0.1,node_modules/htmlparser2/node_modules/entities,transitiva,true,false,true,false,,,>=0.12,https://registry.npmjs.org/entities/-/entities-7.0.1.tgz,registry.npmjs.org,sha512,CANDIDATO_NAO_OPCIONAL,nome com múltiplas versões: homologar cada versão separadamente,@angular/build@21.2.21 > beasties@0.4.1 > htmlparser2@10.1.0 > entities@7.0.1,NAO_VERIFICADA
entities,8.1.0,node_modules/parse5/node_modules/entities,transitiva,true,false,true,false,,,>=20.19.0,https://registry.npmjs.org/entities/-/entities-8.1.0.tgz,registry.npmjs.org,sha512,CANDIDATO_NAO_OPCIONAL,nome com múltiplas versões: homologar cada versão separadamente,@angular/build@21.2.21 > parse5-html-rewriting-stream@8.0.0 > parse5@8.0.1 > entities@8.1.0,NAO_VERIFICADA
env-paths,2.2.1,node_modules/env-paths,transitiva,true,false,true,false,,,>=6,https://registry.npmjs.org/env-paths/-/env-paths-2.2.1.tgz,registry.npmjs.org,sha512,CANDIDATO_NAO_OPCIONAL,artefato sem bloqueio específico conhecido; acesso Nexus não verificado,@angular/cli@21.2.21 > pacote@21.5.1 > @npmcli/run-script@10.0.4 > node-gyp@12.4.0 > env-paths@2.2.1,NAO_VERIFICADA
environment,1.1.0,node_modules/environment,transitiva,true,false,true,false,,,>=18,https://registry.npmjs.org/environment/-/environment-1.1.0.tgz,registry.npmjs.org,sha512,CANDIDATO_NAO_OPCIONAL,artefato sem bloqueio específico conhecido; acesso Nexus não verificado,@angular/build@21.2.21 > listr2@9.0.5 > log-update@6.1.0 > ansi-escapes@7.3.0 > environment@1.1.0,NAO_VERIFICADA
es-define-property,1.0.1,node_modules/es-define-property,transitiva,true,false,true,false,,,>= 0.4,https://registry.npmjs.org/es-define-property/-/es-define-property-1.0.1.tgz,registry.npmjs.org,sha512,CANDIDATO_NAO_OPCIONAL,artefato sem bloqueio específico conhecido; acesso Nexus não verificado,@angular/cli@21.2.21 > @modelcontextprotocol/sdk@1.30.0 > express@5.2.1 > qs@6.16.0 > es-define-property@1.0.1,NAO_VERIFICADA
es-errors,1.3.0,node_modules/es-errors,transitiva,true,false,true,false,,,>= 0.4,https://registry.npmjs.org/es-errors/-/es-errors-1.3.0.tgz,registry.npmjs.org,sha512,CANDIDATO_NAO_OPCIONAL,artefato sem bloqueio específico conhecido; acesso Nexus não verificado,@angular/cli@21.2.21 > @modelcontextprotocol/sdk@1.30.0 > express@5.2.1 > qs@6.16.0 > side-channel@1.1.1 > es-errors@1.3.0,NAO_VERIFICADA
es-object-atoms,1.1.2,node_modules/es-object-atoms,transitiva,true,false,true,false,,,>= 0.4,https://registry.npmjs.org/es-object-atoms/-/es-object-atoms-1.1.2.tgz,registry.npmjs.org,sha512,CANDIDATO_NAO_OPCIONAL,artefato sem bloqueio específico conhecido; acesso Nexus não verificado,@angular/cli@21.2.21 > @modelcontextprotocol/sdk@1.30.0 > express@5.2.1 > qs@6.16.0 > side-channel@1.1.1 > side-channel-map@1.0.1 > get-intrinsic@1.3.0 > es-object-atoms@1.1.2,NAO_VERIFICADA
esbuild,0.28.1,node_modules/esbuild,transitiva,true,false,true,true,,,>=18,https://registry.npmjs.org/esbuild/-/esbuild-0.28.1.tgz,registry.npmjs.org,sha512,CANDIDATO_NAO_OPCIONAL,script de instalação declarado: requer avaliação | ferramenta de build: indisponibilidade pode impedir compilação,@angular/build@21.2.21 > esbuild@0.28.1,NAO_VERIFICADA
escalade,3.2.0,node_modules/escalade,transitiva,true,false,true,false,,,>=6,https://registry.npmjs.org/escalade/-/escalade-3.2.0.tgz,registry.npmjs.org,sha512,CANDIDATO_NAO_OPCIONAL,artefato sem bloqueio específico conhecido; acesso Nexus não verificado,@angular/cli@21.2.21 > yargs@18.0.0 > escalade@3.2.0,NAO_VERIFICADA
escape-html,1.0.3,node_modules/escape-html,transitiva,true,false,true,false,,,,https://registry.npmjs.org/escape-html/-/escape-html-1.0.3.tgz,registry.npmjs.org,sha512,CANDIDATO_NAO_OPCIONAL,artefato sem bloqueio específico conhecido; acesso Nexus não verificado,@angular/cli@21.2.21 > @modelcontextprotocol/sdk@1.30.0 > express@5.2.1 > escape-html@1.0.3,NAO_VERIFICADA
etag,1.8.1,node_modules/etag,transitiva,true,false,true,false,,,>= 0.6,https://registry.npmjs.org/etag/-/etag-1.8.1.tgz,registry.npmjs.org,sha512,CANDIDATO_NAO_OPCIONAL,artefato sem bloqueio específico conhecido; acesso Nexus não verificado,@angular/cli@21.2.21 > @modelcontextprotocol/sdk@1.30.0 > express@5.2.1 > etag@1.8.1,NAO_VERIFICADA
eventemitter3,5.0.4,node_modules/eventemitter3,transitiva,true,false,true,false,,,,https://registry.npmjs.org/eventemitter3/-/eventemitter3-5.0.4.tgz,registry.npmjs.org,sha512,CANDIDATO_NAO_OPCIONAL,artefato sem bloqueio específico conhecido; acesso Nexus não verificado,@angular/build@21.2.21 > listr2@9.0.5 > eventemitter3@5.0.4,NAO_VERIFICADA
eventsource,3.0.7,node_modules/eventsource,transitiva,true,false,true,false,,,>=18.0.0,https://registry.npmjs.org/eventsource/-/eventsource-3.0.7.tgz,registry.npmjs.org,sha512,CANDIDATO_NAO_OPCIONAL,artefato sem bloqueio específico conhecido; acesso Nexus não verificado,@angular/cli@21.2.21 > @modelcontextprotocol/sdk@1.30.0 > eventsource@3.0.7,NAO_VERIFICADA
eventsource-parser,3.1.1,node_modules/eventsource-parser,transitiva,true,false,true,false,,,>=18.0.0,https://registry.npmjs.org/eventsource-parser/-/eventsource-parser-3.1.1.tgz,registry.npmjs.org,sha512,CANDIDATO_NAO_OPCIONAL,artefato sem bloqueio específico conhecido; acesso Nexus não verificado,@angular/cli@21.2.21 > @modelcontextprotocol/sdk@1.30.0 > eventsource-parser@3.1.1,NAO_VERIFICADA
exponential-backoff,3.1.3,node_modules/exponential-backoff,transitiva,true,false,true,false,,,,https://registry.npmjs.org/exponential-backoff/-/exponential-backoff-3.1.3.tgz,registry.npmjs.org,sha512,CANDIDATO_NAO_OPCIONAL,artefato sem bloqueio específico conhecido; acesso Nexus não verificado,@angular/cli@21.2.21 > pacote@21.5.1 > @npmcli/run-script@10.0.4 > node-gyp@12.4.0 > exponential-backoff@3.1.3,NAO_VERIFICADA
express,5.2.1,node_modules/express,transitiva,true,false,true,false,,,>= 18,https://registry.npmjs.org/express/-/express-5.2.1.tgz,registry.npmjs.org,sha512,CANDIDATO_NAO_OPCIONAL,artefato sem bloqueio específico conhecido; acesso Nexus não verificado,@angular/cli@21.2.21 > @modelcontextprotocol/sdk@1.30.0 > express@5.2.1,NAO_VERIFICADA
express-rate-limit,8.7.0,node_modules/express-rate-limit,transitiva,true,false,true,false,,,>= 16,https://registry.npmjs.org/express-rate-limit/-/express-rate-limit-8.7.0.tgz,registry.npmjs.org,sha512,CANDIDATO_NAO_OPCIONAL,artefato sem bloqueio específico conhecido; acesso Nexus não verificado,@angular/cli@21.2.21 > @modelcontextprotocol/sdk@1.30.0 > express-rate-limit@8.7.0,NAO_VERIFICADA
fast-deep-equal,3.1.3,node_modules/fast-deep-equal,transitiva,true,false,true,false,,,,https://registry.npmjs.org/fast-deep-equal/-/fast-deep-equal-3.1.3.tgz,registry.npmjs.org,sha512,CANDIDATO_NAO_OPCIONAL,artefato sem bloqueio específico conhecido; acesso Nexus não verificado,@angular/cli@21.2.21 > @angular-devkit/core@21.2.21 > ajv@8.18.0 > fast-deep-equal@3.1.3,NAO_VERIFICADA
fast-uri,3.1.7,node_modules/fast-uri,transitiva,true,false,true,false,,,,https://registry.npmjs.org/fast-uri/-/fast-uri-3.1.7.tgz,registry.npmjs.org,sha512,CANDIDATO_NAO_OPCIONAL,artefato sem bloqueio específico conhecido; acesso Nexus não verificado,@angular/cli@21.2.21 > @angular-devkit/core@21.2.21 > ajv@8.18.0 > fast-uri@3.1.7,NAO_VERIFICADA
fdir,6.5.0,node_modules/fdir,transitiva,true,false,true,false,,,>=12.0.0,https://registry.npmjs.org/fdir/-/fdir-6.5.0.tgz,registry.npmjs.org,sha512,CANDIDATO_NAO_OPCIONAL,artefato sem bloqueio específico conhecido; acesso Nexus não verificado,@angular/build@21.2.21 > tinyglobby@0.2.15 > fdir@6.5.0,NAO_VERIFICADA
finalhandler,2.1.1,node_modules/finalhandler,transitiva,true,false,true,false,,,>= 18.0.0,https://registry.npmjs.org/finalhandler/-/finalhandler-2.1.1.tgz,registry.npmjs.org,sha512,CANDIDATO_NAO_OPCIONAL,artefato sem bloqueio específico conhecido; acesso Nexus não verificado,@angular/cli@21.2.21 > @modelcontextprotocol/sdk@1.30.0 > express@5.2.1 > finalhandler@2.1.1,NAO_VERIFICADA
forwarded,0.2.0,node_modules/forwarded,transitiva,true,false,true,false,,,>= 0.6,https://registry.npmjs.org/forwarded/-/forwarded-0.2.0.tgz,registry.npmjs.org,sha512,CANDIDATO_NAO_OPCIONAL,artefato sem bloqueio específico conhecido; acesso Nexus não verificado,@angular/cli@21.2.21 > @modelcontextprotocol/sdk@1.30.0 > express@5.2.1 > proxy-addr@2.0.7 > forwarded@0.2.0,NAO_VERIFICADA
fresh,2.0.0,node_modules/fresh,transitiva,true,false,true,false,,,>= 0.8,https://registry.npmjs.org/fresh/-/fresh-2.0.0.tgz,registry.npmjs.org,sha512,CANDIDATO_NAO_OPCIONAL,artefato sem bloqueio específico conhecido; acesso Nexus não verificado,@angular/cli@21.2.21 > @modelcontextprotocol/sdk@1.30.0 > express@5.2.1 > fresh@2.0.0,NAO_VERIFICADA
fs-minipass,3.0.3,node_modules/fs-minipass,transitiva,true,false,true,false,,,^14.17.0 || ^16.13.0 || >=18.0.0,https://registry.npmjs.org/fs-minipass/-/fs-minipass-3.0.3.tgz,registry.npmjs.org,sha512,CANDIDATO_NAO_OPCIONAL,artefato sem bloqueio específico conhecido; acesso Nexus não verificado,@angular/cli@21.2.21 > pacote@21.5.1 > fs-minipass@3.0.3,NAO_VERIFICADA
fsevents,2.3.3,node_modules/fsevents,transitiva,true,true,false,true,darwin,,^8.16.0 || ^10.6.0 || >=11.0.0,https://registry.npmjs.org/fsevents/-/fsevents-2.3.3.tgz,registry.npmjs.org,sha512,EXCLUIDO_WINDOWS_X64,script de instalação declarado: requer avaliação | incompatível com Windows x64 pelos metadados: opcional,@angular/build@21.2.21 > vite@7.3.6 > fsevents@2.3.3,NAO_VERIFICADA
function-bind,1.1.2,node_modules/function-bind,transitiva,true,false,true,false,,,,https://registry.npmjs.org/function-bind/-/function-bind-1.1.2.tgz,registry.npmjs.org,sha512,CANDIDATO_NAO_OPCIONAL,artefato sem bloqueio específico conhecido; acesso Nexus não verificado,@angular/cli@21.2.21 > @modelcontextprotocol/sdk@1.30.0 > express@5.2.1 > qs@6.16.0 > side-channel@1.1.1 > side-channel-map@1.0.1 > get-intrinsic@1.3.0 > function-bind@1.1.2,NAO_VERIFICADA
gensync,1.0.0-beta.2,node_modules/gensync,transitiva,true,false,true,false,,,>=6.9.0,https://registry.npmjs.org/gensync/-/gensync-1.0.0-beta.2.tgz,registry.npmjs.org,sha512,CANDIDATO_NAO_OPCIONAL,artefato sem bloqueio específico conhecido; acesso Nexus não verificado,@angular/build@21.2.21 > @babel/core@7.29.7 > gensync@1.0.0-beta.2,NAO_VERIFICADA
get-caller-file,2.0.5,node_modules/get-caller-file,transitiva,true,false,true,false,,,6.* || 8.* || >= 10.*,https://registry.npmjs.org/get-caller-file/-/get-caller-file-2.0.5.tgz,registry.npmjs.org,sha512,CANDIDATO_NAO_OPCIONAL,artefato sem bloqueio específico conhecido; acesso Nexus não verificado,@angular/cli@21.2.21 > yargs@18.0.0 > get-caller-file@2.0.5,NAO_VERIFICADA
get-east-asian-width,1.6.0,node_modules/get-east-asian-width,transitiva,true,false,true,false,,,>=18,https://registry.npmjs.org/get-east-asian-width/-/get-east-asian-width-1.6.0.tgz,registry.npmjs.org,sha512,CANDIDATO_NAO_OPCIONAL,artefato sem bloqueio específico conhecido; acesso Nexus não verificado,@angular/cli@21.2.21 > yargs@18.0.0 > string-width@7.2.0 > get-east-asian-width@1.6.0,NAO_VERIFICADA
get-intrinsic,1.3.0,node_modules/get-intrinsic,transitiva,true,false,true,false,,,>= 0.4,https://registry.npmjs.org/get-intrinsic/-/get-intrinsic-1.3.0.tgz,registry.npmjs.org,sha512,CANDIDATO_NAO_OPCIONAL,artefato sem bloqueio específico conhecido; acesso Nexus não verificado,@angular/cli@21.2.21 > @modelcontextprotocol/sdk@1.30.0 > express@5.2.1 > qs@6.16.0 > side-channel@1.1.1 > side-channel-map@1.0.1 > get-intrinsic@1.3.0,NAO_VERIFICADA
get-proto,1.0.1,node_modules/get-proto,transitiva,true,false,true,false,,,>= 0.4,https://registry.npmjs.org/get-proto/-/get-proto-1.0.1.tgz,registry.npmjs.org,sha512,CANDIDATO_NAO_OPCIONAL,artefato sem bloqueio específico conhecido; acesso Nexus não verificado,@angular/cli@21.2.21 > @modelcontextprotocol/sdk@1.30.0 > express@5.2.1 > qs@6.16.0 > side-channel@1.1.1 > side-channel-map@1.0.1 > get-intrinsic@1.3.0 > get-proto@1.0.1,NAO_VERIFICADA
glob,13.0.6,node_modules/glob,transitiva,true,false,true,false,,,18 || 20 || >=22,https://registry.npmjs.org/glob/-/glob-13.0.6.tgz,registry.npmjs.org,sha512,CANDIDATO_NAO_OPCIONAL,artefato sem bloqueio específico conhecido; acesso Nexus não verificado,@angular/cli@21.2.21 > pacote@21.5.1 > @npmcli/package-json@7.0.5 > glob@13.0.6,NAO_VERIFICADA
glob-to-regexp,0.4.1,node_modules/glob-to-regexp,transitiva,true,false,true,false,,,,https://registry.npmjs.org/glob-to-regexp/-/glob-to-regexp-0.4.1.tgz,registry.npmjs.org,sha512,CANDIDATO_NAO_OPCIONAL,artefato sem bloqueio específico conhecido; acesso Nexus não verificado,@angular/build@21.2.21 > watchpack@2.5.1 > glob-to-regexp@0.4.1,NAO_VERIFICADA
gopd,1.2.0,node_modules/gopd,transitiva,true,false,true,false,,,>= 0.4,https://registry.npmjs.org/gopd/-/gopd-1.2.0.tgz,registry.npmjs.org,sha512,CANDIDATO_NAO_OPCIONAL,artefato sem bloqueio específico conhecido; acesso Nexus não verificado,@angular/cli@21.2.21 > @modelcontextprotocol/sdk@1.30.0 > express@5.2.1 > qs@6.16.0 > side-channel@1.1.1 > side-channel-map@1.0.1 > get-intrinsic@1.3.0 > gopd@1.2.0,NAO_VERIFICADA
graceful-fs,4.2.11,node_modules/graceful-fs,transitiva,true,false,true,false,,,,https://registry.npmjs.org/graceful-fs/-/graceful-fs-4.2.11.tgz,registry.npmjs.org,sha512,CANDIDATO_NAO_OPCIONAL,artefato sem bloqueio específico conhecido; acesso Nexus não verificado,@angular/build@21.2.21 > watchpack@2.5.1 > graceful-fs@4.2.11,NAO_VERIFICADA
has-symbols,1.1.0,node_modules/has-symbols,transitiva,true,false,true,false,,,>= 0.4,https://registry.npmjs.org/has-symbols/-/has-symbols-1.1.0.tgz,registry.npmjs.org,sha512,CANDIDATO_NAO_OPCIONAL,artefato sem bloqueio específico conhecido; acesso Nexus não verificado,@angular/cli@21.2.21 > @modelcontextprotocol/sdk@1.30.0 > express@5.2.1 > qs@6.16.0 > side-channel@1.1.1 > side-channel-map@1.0.1 > get-intrinsic@1.3.0 > has-symbols@1.1.0,NAO_VERIFICADA
hasown,2.0.4,node_modules/hasown,transitiva,true,false,true,false,,,>= 0.4,https://registry.npmjs.org/hasown/-/hasown-2.0.4.tgz,registry.npmjs.org,sha512,CANDIDATO_NAO_OPCIONAL,artefato sem bloqueio específico conhecido; acesso Nexus não verificado,@angular/cli@21.2.21 > @modelcontextprotocol/sdk@1.30.0 > express@5.2.1 > qs@6.16.0 > side-channel@1.1.1 > side-channel-map@1.0.1 > get-intrinsic@1.3.0 > hasown@2.0.4,NAO_VERIFICADA
hono,4.13.7,node_modules/hono,transitiva,true,false,true,false,,,>=16.9.0,https://registry.npmjs.org/hono/-/hono-4.13.7.tgz,registry.npmjs.org,sha512,CANDIDATO_NAO_OPCIONAL,artefato sem bloqueio específico conhecido; acesso Nexus não verificado,@angular/cli@21.2.21 > @modelcontextprotocol/sdk@1.30.0 > hono@4.13.7,NAO_VERIFICADA
hosted-git-info,9.0.3,node_modules/hosted-git-info,transitiva,true,false,true,false,,,^20.17.0 || >=22.9.0,https://registry.npmjs.org/hosted-git-info/-/hosted-git-info-9.0.3.tgz,registry.npmjs.org,sha512,CANDIDATO_NAO_OPCIONAL,artefato sem bloqueio específico conhecido; acesso Nexus não verificado,@angular/cli@21.2.21 > npm-package-arg@13.0.2 > hosted-git-info@9.0.3,NAO_VERIFICADA
htmlparser2,10.1.0,node_modules/htmlparser2,transitiva,true,false,true,false,,,,https://registry.npmjs.org/htmlparser2/-/htmlparser2-10.1.0.tgz,registry.npmjs.org,sha512,CANDIDATO_NAO_OPCIONAL,artefato sem bloqueio específico conhecido; acesso Nexus não verificado,@angular/build@21.2.21 > beasties@0.4.1 > htmlparser2@10.1.0,NAO_VERIFICADA
http-cache-semantics,4.2.0,node_modules/http-cache-semantics,transitiva,true,false,true,false,,,,https://registry.npmjs.org/http-cache-semantics/-/http-cache-semantics-4.2.0.tgz,registry.npmjs.org,sha512,CANDIDATO_NAO_OPCIONAL,artefato sem bloqueio específico conhecido; acesso Nexus não verificado,@angular/cli@21.2.21 > pacote@21.5.1 > npm-registry-fetch@19.1.1 > make-fetch-happen@15.0.6 > http-cache-semantics@4.2.0,NAO_VERIFICADA
http-errors,2.0.1,node_modules/http-errors,transitiva,true,false,true,false,,,>= 0.8,https://registry.npmjs.org/http-errors/-/http-errors-2.0.1.tgz,registry.npmjs.org,sha512,CANDIDATO_NAO_OPCIONAL,artefato sem bloqueio específico conhecido; acesso Nexus não verificado,@angular/cli@21.2.21 > @modelcontextprotocol/sdk@1.30.0 > express@5.2.1 > http-errors@2.0.1,NAO_VERIFICADA
http-proxy-agent,7.0.2,node_modules/http-proxy-agent,transitiva,true,false,true,false,,,>= 14,https://registry.npmjs.org/http-proxy-agent/-/http-proxy-agent-7.0.2.tgz,registry.npmjs.org,sha512,CANDIDATO_NAO_OPCIONAL,artefato sem bloqueio específico conhecido; acesso Nexus não verificado,@angular/cli@21.2.21 > pacote@21.5.1 > npm-registry-fetch@19.1.1 > make-fetch-happen@15.0.6 > @npmcli/agent@4.0.2 > http-proxy-agent@7.0.2,NAO_VERIFICADA
https-proxy-agent,7.0.6,node_modules/https-proxy-agent,transitiva,true,false,true,false,,,>= 14,https://registry.npmjs.org/https-proxy-agent/-/https-proxy-agent-7.0.6.tgz,registry.npmjs.org,sha512,CANDIDATO_NAO_OPCIONAL,artefato sem bloqueio específico conhecido; acesso Nexus não verificado,@angular/build@21.2.21 > https-proxy-agent@7.0.6,NAO_VERIFICADA
iconv-lite,0.7.3,node_modules/iconv-lite,transitiva,true,false,true,false,,,>=0.10.0,https://registry.npmjs.org/iconv-lite/-/iconv-lite-0.7.3.tgz,registry.npmjs.org,sha512,CANDIDATO_NAO_OPCIONAL,artefato sem bloqueio específico conhecido; acesso Nexus não verificado,@angular/cli@21.2.21 > @modelcontextprotocol/sdk@1.30.0 > raw-body@3.0.2 > iconv-lite@0.7.3,NAO_VERIFICADA
ignore-walk,8.0.0,node_modules/ignore-walk,transitiva,true,false,true,false,,,^20.17.0 || >=22.9.0,https://registry.npmjs.org/ignore-walk/-/ignore-walk-8.0.0.tgz,registry.npmjs.org,sha512,CANDIDATO_NAO_OPCIONAL,artefato sem bloqueio específico conhecido; acesso Nexus não verificado,@angular/cli@21.2.21 > pacote@21.5.1 > npm-packlist@10.0.4 > ignore-walk@8.0.0,NAO_VERIFICADA
immutable,5.1.9,node_modules/immutable,transitiva,true,false,true,false,,,,https://registry.npmjs.org/immutable/-/immutable-5.1.9.tgz,registry.npmjs.org,sha512,CANDIDATO_NAO_OPCIONAL,artefato sem bloqueio específico conhecido; acesso Nexus não verificado,@angular/build@21.2.21 > sass@1.97.3 > immutable@5.1.9,NAO_VERIFICADA
inherits,2.0.4,node_modules/inherits,transitiva,true,false,true,false,,,,https://registry.npmjs.org/inherits/-/inherits-2.0.4.tgz,registry.npmjs.org,sha512,CANDIDATO_NAO_OPCIONAL,artefato sem bloqueio específico conhecido; acesso Nexus não verificado,@angular/cli@21.2.21 > @modelcontextprotocol/sdk@1.30.0 > express@5.2.1 > http-errors@2.0.1 > inherits@2.0.4,NAO_VERIFICADA
ini,6.0.0,node_modules/ini,transitiva,true,false,true,false,,,^20.17.0 || >=22.9.0,https://registry.npmjs.org/ini/-/ini-6.0.0.tgz,registry.npmjs.org,sha512,CANDIDATO_NAO_OPCIONAL,artefato sem bloqueio específico conhecido; acesso Nexus não verificado,@angular/cli@21.2.21 > ini@6.0.0,NAO_VERIFICADA
ip-address,10.7.0,node_modules/ip-address,transitiva,true,false,true,false,,,>= 12,https://registry.npmjs.org/ip-address/-/ip-address-10.7.0.tgz,registry.npmjs.org,sha512,CANDIDATO_NAO_OPCIONAL,artefato sem bloqueio específico conhecido; acesso Nexus não verificado,@angular/cli@21.2.21 > @modelcontextprotocol/sdk@1.30.0 > express-rate-limit@8.7.0 > ip-address@10.7.0,NAO_VERIFICADA
ipaddr.js,1.9.1,node_modules/ipaddr.js,transitiva,true,false,true,false,,,>= 0.10,https://registry.npmjs.org/ipaddr.js/-/ipaddr.js-1.9.1.tgz,registry.npmjs.org,sha512,CANDIDATO_NAO_OPCIONAL,artefato sem bloqueio específico conhecido; acesso Nexus não verificado,@angular/cli@21.2.21 > @modelcontextprotocol/sdk@1.30.0 > express@5.2.1 > proxy-addr@2.0.7 > ipaddr.js@1.9.1,NAO_VERIFICADA
is-extglob,2.1.1,node_modules/is-extglob,transitiva,true,true,true,false,,,>=0.10.0,https://registry.npmjs.org/is-extglob/-/is-extglob-2.1.1.tgz,registry.npmjs.org,sha512,CANDIDATO_OPCIONAL,"opcional: ausência pode afetar desempenho ou build, depende do consumidor",@angular/build@21.2.21 > sass@1.97.3 > @parcel/watcher@2.6.0 > is-glob@4.0.3 > is-extglob@2.1.1,NAO_VERIFICADA
is-fullwidth-code-point,3.0.0,node_modules/wrap-ansi/node_modules/is-fullwidth-code-point,transitiva,true,false,true,false,,,>=8,https://registry.npmjs.org/is-fullwidth-code-point/-/is-fullwidth-code-point-3.0.0.tgz,registry.npmjs.org,sha512,CANDIDATO_NAO_OPCIONAL,nome com múltiplas versões: homologar cada versão separadamente,@angular/build@21.2.21 > @inquirer/confirm@5.1.21 > @inquirer/core@10.3.2 > wrap-ansi@6.2.0 > string-width@4.2.3 > is-fullwidth-code-point@3.0.0,NAO_VERIFICADA
is-fullwidth-code-point,5.1.0,node_modules/is-fullwidth-code-point,transitiva,true,false,true,false,,,>=18,https://registry.npmjs.org/is-fullwidth-code-point/-/is-fullwidth-code-point-5.1.0.tgz,registry.npmjs.org,sha512,CANDIDATO_NAO_OPCIONAL,nome com múltiplas versões: homologar cada versão separadamente,@angular/build@21.2.21 > listr2@9.0.5 > cli-truncate@5.2.0 > slice-ansi@8.0.0 > is-fullwidth-code-point@5.1.0,NAO_VERIFICADA
is-glob,4.0.3,node_modules/is-glob,transitiva,true,true,true,false,,,>=0.10.0,https://registry.npmjs.org/is-glob/-/is-glob-4.0.3.tgz,registry.npmjs.org,sha512,CANDIDATO_OPCIONAL,"opcional: ausência pode afetar desempenho ou build, depende do consumidor",@angular/build@21.2.21 > sass@1.97.3 > @parcel/watcher@2.6.0 > is-glob@4.0.3,NAO_VERIFICADA
is-interactive,2.0.0,node_modules/is-interactive,transitiva,true,false,true,false,,,>=12,https://registry.npmjs.org/is-interactive/-/is-interactive-2.0.0.tgz,registry.npmjs.org,sha512,CANDIDATO_NAO_OPCIONAL,artefato sem bloqueio específico conhecido; acesso Nexus não verificado,@angular/cli@21.2.21 > @angular-devkit/schematics@21.2.21 > ora@9.3.0 > is-interactive@2.0.0,NAO_VERIFICADA
is-promise,4.0.0,node_modules/is-promise,transitiva,true,false,true,false,,,,https://registry.npmjs.org/is-promise/-/is-promise-4.0.0.tgz,registry.npmjs.org,sha512,CANDIDATO_NAO_OPCIONAL,artefato sem bloqueio específico conhecido; acesso Nexus não verificado,@angular/cli@21.2.21 > @modelcontextprotocol/sdk@1.30.0 > express@5.2.1 > router@2.2.0 > is-promise@4.0.0,NAO_VERIFICADA
is-unicode-supported,2.1.0,node_modules/is-unicode-supported,transitiva,true,false,true,false,,,>=18,https://registry.npmjs.org/is-unicode-supported/-/is-unicode-supported-2.1.0.tgz,registry.npmjs.org,sha512,CANDIDATO_NAO_OPCIONAL,artefato sem bloqueio específico conhecido; acesso Nexus não verificado,@angular/cli@21.2.21 > @angular-devkit/schematics@21.2.21 > ora@9.3.0 > is-unicode-supported@2.1.0,NAO_VERIFICADA
isexe,2.0.0,node_modules/isexe,transitiva,true,false,true,false,,,,https://registry.npmjs.org/isexe/-/isexe-2.0.0.tgz,registry.npmjs.org,sha512,CANDIDATO_NAO_OPCIONAL,nome com múltiplas versões: homologar cada versão separadamente,@angular/cli@21.2.21 > @modelcontextprotocol/sdk@1.30.0 > cross-spawn@7.0.6 > which@2.0.2 > isexe@2.0.0,NAO_VERIFICADA
isexe,4.0.0,node_modules/@npmcli/git/node_modules/isexe,transitiva,true,false,true,false,,,>=20,https://registry.npmjs.org/isexe/-/isexe-4.0.0.tgz,registry.npmjs.org,sha512,CANDIDATO_NAO_OPCIONAL,nome com múltiplas versões: homologar cada versão separadamente,@angular/cli@21.2.21 > pacote@21.5.1 > @npmcli/git@7.0.2 > which@6.0.1 > isexe@4.0.0,NAO_VERIFICADA
isexe,4.0.0,node_modules/@npmcli/promise-spawn/node_modules/isexe,transitiva,true,false,true,false,,,>=20,https://registry.npmjs.org/isexe/-/isexe-4.0.0.tgz,registry.npmjs.org,sha512,CANDIDATO_NAO_OPCIONAL,nome com múltiplas versões: homologar cada versão separadamente,@angular/cli@21.2.21 > pacote@21.5.1 > @npmcli/promise-spawn@9.0.1 > which@6.0.1 > isexe@4.0.0,NAO_VERIFICADA
isexe,4.0.0,node_modules/node-gyp/node_modules/isexe,transitiva,true,false,true,false,,,>=20,https://registry.npmjs.org/isexe/-/isexe-4.0.0.tgz,registry.npmjs.org,sha512,CANDIDATO_NAO_OPCIONAL,nome com múltiplas versões: homologar cada versão separadamente,@angular/cli@21.2.21 > pacote@21.5.1 > @npmcli/run-script@10.0.4 > node-gyp@12.4.0 > which@6.0.1 > isexe@4.0.0,NAO_VERIFICADA
istanbul-lib-coverage,3.2.2,node_modules/istanbul-lib-coverage,transitiva,true,false,true,false,,,>=8,https://registry.npmjs.org/istanbul-lib-coverage/-/istanbul-lib-coverage-3.2.2.tgz,registry.npmjs.org,sha512,CANDIDATO_NAO_OPCIONAL,artefato sem bloqueio específico conhecido; acesso Nexus não verificado,@angular/build@21.2.21 > istanbul-lib-instrument@6.0.3 > istanbul-lib-coverage@3.2.2,NAO_VERIFICADA
istanbul-lib-instrument,6.0.3,node_modules/istanbul-lib-instrument,transitiva,true,false,true,false,,,>=10,https://registry.npmjs.org/istanbul-lib-instrument/-/istanbul-lib-instrument-6.0.3.tgz,registry.npmjs.org,sha512,CANDIDATO_NAO_OPCIONAL,artefato sem bloqueio específico conhecido; acesso Nexus não verificado,@angular/build@21.2.21 > istanbul-lib-instrument@6.0.3,NAO_VERIFICADA
jose,6.2.12,node_modules/jose,transitiva,true,false,true,false,,,,https://registry.npmjs.org/jose/-/jose-6.2.12.tgz,registry.npmjs.org,sha512,CANDIDATO_NAO_OPCIONAL,artefato sem bloqueio específico conhecido; acesso Nexus não verificado,@angular/cli@21.2.21 > @modelcontextprotocol/sdk@1.30.0 > jose@6.2.12,NAO_VERIFICADA
js-tokens,4.0.0,node_modules/js-tokens,transitiva,true,false,true,false,,,,https://registry.npmjs.org/js-tokens/-/js-tokens-4.0.0.tgz,registry.npmjs.org,sha512,CANDIDATO_NAO_OPCIONAL,artefato sem bloqueio específico conhecido; acesso Nexus não verificado,@angular/build@21.2.21 > @babel/core@7.29.7 > @babel/code-frame@7.29.7 > js-tokens@4.0.0,NAO_VERIFICADA
jsesc,3.1.0,node_modules/jsesc,transitiva,true,false,true,false,,,>=6,https://registry.npmjs.org/jsesc/-/jsesc-3.1.0.tgz,registry.npmjs.org,sha512,CANDIDATO_NAO_OPCIONAL,artefato sem bloqueio específico conhecido; acesso Nexus não verificado,@angular/build@21.2.21 > @babel/core@7.29.7 > @babel/generator@7.29.8 > jsesc@3.1.0,NAO_VERIFICADA
json-parse-even-better-errors,5.0.0,node_modules/json-parse-even-better-errors,transitiva,true,false,true,false,,,^20.17.0 || >=22.9.0,https://registry.npmjs.org/json-parse-even-better-errors/-/json-parse-even-better-errors-5.0.0.tgz,registry.npmjs.org,sha512,CANDIDATO_NAO_OPCIONAL,artefato sem bloqueio específico conhecido; acesso Nexus não verificado,@angular/cli@21.2.21 > pacote@21.5.1 > @npmcli/package-json@7.0.5 > json-parse-even-better-errors@5.0.0,NAO_VERIFICADA
json-schema-traverse,1.0.0,node_modules/json-schema-traverse,transitiva,true,false,true,false,,,,https://registry.npmjs.org/json-schema-traverse/-/json-schema-traverse-1.0.0.tgz,registry.npmjs.org,sha512,CANDIDATO_NAO_OPCIONAL,artefato sem bloqueio específico conhecido; acesso Nexus não verificado,@angular/cli@21.2.21 > @angular-devkit/core@21.2.21 > ajv@8.18.0 > json-schema-traverse@1.0.0,NAO_VERIFICADA
json-schema-typed,8.0.2,node_modules/json-schema-typed,transitiva,true,false,true,false,,,,https://registry.npmjs.org/json-schema-typed/-/json-schema-typed-8.0.2.tgz,registry.npmjs.org,sha512,CANDIDATO_NAO_OPCIONAL,artefato sem bloqueio específico conhecido; acesso Nexus não verificado,@angular/cli@21.2.21 > @modelcontextprotocol/sdk@1.30.0 > json-schema-typed@8.0.2,NAO_VERIFICADA
json5,2.2.3,node_modules/json5,transitiva,true,false,true,false,,,>=6,https://registry.npmjs.org/json5/-/json5-2.2.3.tgz,registry.npmjs.org,sha512,CANDIDATO_NAO_OPCIONAL,artefato sem bloqueio específico conhecido; acesso Nexus não verificado,@angular/build@21.2.21 > @babel/core@7.29.7 > json5@2.2.3,NAO_VERIFICADA
jsonc-parser,3.3.1,node_modules/jsonc-parser,transitiva,true,false,true,false,,,,https://registry.npmjs.org/jsonc-parser/-/jsonc-parser-3.3.1.tgz,registry.npmjs.org,sha512,CANDIDATO_NAO_OPCIONAL,artefato sem bloqueio específico conhecido; acesso Nexus não verificado,@angular/build@21.2.21 > jsonc-parser@3.3.1,NAO_VERIFICADA
jsonparse,1.3.1,node_modules/jsonparse,transitiva,true,false,true,false,,,['node >= 0.2.0'],https://registry.npmjs.org/jsonparse/-/jsonparse-1.3.1.tgz,registry.npmjs.org,sha512,CANDIDATO_NAO_OPCIONAL,artefato sem bloqueio específico conhecido; acesso Nexus não verificado,@angular/cli@21.2.21 > pacote@21.5.1 > npm-registry-fetch@19.1.1 > jsonparse@1.3.1,NAO_VERIFICADA
listr2,9.0.5,node_modules/listr2,transitiva,true,false,true,false,,,>=20.0.0,https://registry.npmjs.org/listr2/-/listr2-9.0.5.tgz,registry.npmjs.org,sha512,CANDIDATO_NAO_OPCIONAL,artefato sem bloqueio específico conhecido; acesso Nexus não verificado,@angular/build@21.2.21 > listr2@9.0.5,NAO_VERIFICADA
lmdb,3.5.1,node_modules/lmdb,transitiva,true,true,true,true,,,,https://registry.npmjs.org/lmdb/-/lmdb-3.5.1.tgz,registry.npmjs.org,sha512,CANDIDATO_OPCIONAL,"script de instalação declarado: requer avaliação | opcional: ausência pode afetar desempenho ou build, depende do consumidor",@angular/build@21.2.21 > lmdb@3.5.1,NAO_VERIFICADA
log-symbols,7.0.1,node_modules/log-symbols,transitiva,true,false,true,false,,,>=18,https://registry.npmjs.org/log-symbols/-/log-symbols-7.0.1.tgz,registry.npmjs.org,sha512,CANDIDATO_NAO_OPCIONAL,artefato sem bloqueio específico conhecido; acesso Nexus não verificado,@angular/cli@21.2.21 > @angular-devkit/schematics@21.2.21 > ora@9.3.0 > log-symbols@7.0.1,NAO_VERIFICADA
log-update,6.1.0,node_modules/log-update,transitiva,true,false,true,false,,,>=18,https://registry.npmjs.org/log-update/-/log-update-6.1.0.tgz,registry.npmjs.org,sha512,CANDIDATO_NAO_OPCIONAL,artefato sem bloqueio específico conhecido; acesso Nexus não verificado,@angular/build@21.2.21 > listr2@9.0.5 > log-update@6.1.0,NAO_VERIFICADA
lru-cache,11.5.2,node_modules/@npmcli/agent/node_modules/lru-cache,transitiva,true,false,true,false,,,20 || >=22,https://registry.npmjs.org/lru-cache/-/lru-cache-11.5.2.tgz,registry.npmjs.org,sha512,CANDIDATO_NAO_OPCIONAL,nome com múltiplas versões: homologar cada versão separadamente,@angular/cli@21.2.21 > pacote@21.5.1 > npm-registry-fetch@19.1.1 > make-fetch-happen@15.0.6 > @npmcli/agent@4.0.2 > lru-cache@11.5.2,NAO_VERIFICADA
lru-cache,11.5.2,node_modules/@npmcli/git/node_modules/lru-cache,transitiva,true,false,true,false,,,20 || >=22,https://registry.npmjs.org/lru-cache/-/lru-cache-11.5.2.tgz,registry.npmjs.org,sha512,CANDIDATO_NAO_OPCIONAL,nome com múltiplas versões: homologar cada versão separadamente,@angular/cli@21.2.21 > pacote@21.5.1 > @npmcli/git@7.0.2 > lru-cache@11.5.2,NAO_VERIFICADA
lru-cache,11.5.2,node_modules/cacache/node_modules/lru-cache,transitiva,true,false,true,false,,,20 || >=22,https://registry.npmjs.org/lru-cache/-/lru-cache-11.5.2.tgz,registry.npmjs.org,sha512,CANDIDATO_NAO_OPCIONAL,nome com múltiplas versões: homologar cada versão separadamente,@angular/cli@21.2.21 > pacote@21.5.1 > cacache@20.0.4 > lru-cache@11.5.2,NAO_VERIFICADA
lru-cache,11.5.2,node_modules/hosted-git-info/node_modules/lru-cache,transitiva,true,false,true,false,,,20 || >=22,https://registry.npmjs.org/lru-cache/-/lru-cache-11.5.2.tgz,registry.npmjs.org,sha512,CANDIDATO_NAO_OPCIONAL,nome com múltiplas versões: homologar cada versão separadamente,@angular/cli@21.2.21 > npm-package-arg@13.0.2 > hosted-git-info@9.0.3 > lru-cache@11.5.2,NAO_VERIFICADA
lru-cache,11.5.2,node_modules/path-scurry/node_modules/lru-cache,transitiva,true,false,true,false,,,20 || >=22,https://registry.npmjs.org/lru-cache/-/lru-cache-11.5.2.tgz,registry.npmjs.org,sha512,CANDIDATO_NAO_OPCIONAL,nome com múltiplas versões: homologar cada versão separadamente,@angular/cli@21.2.21 > pacote@21.5.1 > @npmcli/package-json@7.0.5 > glob@13.0.6 > path-scurry@2.0.2 > lru-cache@11.5.2,NAO_VERIFICADA
lru-cache,5.1.1,node_modules/lru-cache,transitiva,true,false,true,false,,,,https://registry.npmjs.org/lru-cache/-/lru-cache-5.1.1.tgz,registry.npmjs.org,sha512,CANDIDATO_NAO_OPCIONAL,nome com múltiplas versões: homologar cada versão separadamente,@angular/build@21.2.21 > @babel/core@7.29.7 > @babel/helper-compilation-targets@7.29.7 > lru-cache@5.1.1,NAO_VERIFICADA
magic-string,0.30.21,node_modules/magic-string,transitiva,true,false,true,false,,,,https://registry.npmjs.org/magic-string/-/magic-string-0.30.21.tgz,registry.npmjs.org,sha512,CANDIDATO_NAO_OPCIONAL,artefato sem bloqueio específico conhecido; acesso Nexus não verificado,@angular/build@21.2.21 > magic-string@0.30.21,NAO_VERIFICADA
make-fetch-happen,15.0.6,node_modules/make-fetch-happen,transitiva,true,false,true,false,,,^20.17.0 || >=22.9.0,https://registry.npmjs.org/make-fetch-happen/-/make-fetch-happen-15.0.6.tgz,registry.npmjs.org,sha512,CANDIDATO_NAO_OPCIONAL,artefato sem bloqueio específico conhecido; acesso Nexus não verificado,@angular/cli@21.2.21 > pacote@21.5.1 > npm-registry-fetch@19.1.1 > make-fetch-happen@15.0.6,NAO_VERIFICADA
math-intrinsics,1.1.0,node_modules/math-intrinsics,transitiva,true,false,true,false,,,>= 0.4,https://registry.npmjs.org/math-intrinsics/-/math-intrinsics-1.1.0.tgz,registry.npmjs.org,sha512,CANDIDATO_NAO_OPCIONAL,artefato sem bloqueio específico conhecido; acesso Nexus não verificado,@angular/cli@21.2.21 > @modelcontextprotocol/sdk@1.30.0 > express@5.2.1 > qs@6.16.0 > side-channel@1.1.1 > side-channel-map@1.0.1 > get-intrinsic@1.3.0 > math-intrinsics@1.1.0,NAO_VERIFICADA
media-typer,1.1.1,node_modules/media-typer,transitiva,true,false,true,false,,,>= 0.8,https://registry.npmjs.org/media-typer/-/media-typer-1.1.1.tgz,registry.npmjs.org,sha512,CANDIDATO_NAO_OPCIONAL,artefato sem bloqueio específico conhecido; acesso Nexus não verificado,@angular/cli@21.2.21 > @modelcontextprotocol/sdk@1.30.0 > express@5.2.1 > type-is@2.1.0 > media-typer@1.1.1,NAO_VERIFICADA
merge-descriptors,2.0.0,node_modules/merge-descriptors,transitiva,true,false,true,false,,,>=18,https://registry.npmjs.org/merge-descriptors/-/merge-descriptors-2.0.0.tgz,registry.npmjs.org,sha512,CANDIDATO_NAO_OPCIONAL,artefato sem bloqueio específico conhecido; acesso Nexus não verificado,@angular/cli@21.2.21 > @modelcontextprotocol/sdk@1.30.0 > express@5.2.1 > merge-descriptors@2.0.0,NAO_VERIFICADA
mime-db,1.54.0,node_modules/mime-db,transitiva,true,false,true,false,,,>= 0.6,https://registry.npmjs.org/mime-db/-/mime-db-1.54.0.tgz,registry.npmjs.org,sha512,CANDIDATO_NAO_OPCIONAL,artefato sem bloqueio específico conhecido; acesso Nexus não verificado,@angular/cli@21.2.21 > @modelcontextprotocol/sdk@1.30.0 > express@5.2.1 > mime-types@3.0.2 > mime-db@1.54.0,NAO_VERIFICADA
mime-types,3.0.2,node_modules/mime-types,transitiva,true,false,true,false,,,>=18,https://registry.npmjs.org/mime-types/-/mime-types-3.0.2.tgz,registry.npmjs.org,sha512,CANDIDATO_NAO_OPCIONAL,artefato sem bloqueio específico conhecido; acesso Nexus não verificado,@angular/cli@21.2.21 > @modelcontextprotocol/sdk@1.30.0 > express@5.2.1 > mime-types@3.0.2,NAO_VERIFICADA
mimic-function,5.0.1,node_modules/mimic-function,transitiva,true,false,true,false,,,>=18,https://registry.npmjs.org/mimic-function/-/mimic-function-5.0.1.tgz,registry.npmjs.org,sha512,CANDIDATO_NAO_OPCIONAL,artefato sem bloqueio específico conhecido; acesso Nexus não verificado,@angular/build@21.2.21 > listr2@9.0.5 > log-update@6.1.0 > cli-cursor@5.0.0 > restore-cursor@5.1.0 > onetime@7.0.0 > mimic-function@5.0.1,NAO_VERIFICADA
minimatch,10.2.6,node_modules/minimatch,transitiva,true,false,true,false,,,18 || 20 || >=22,https://registry.npmjs.org/minimatch/-/minimatch-10.2.6.tgz,registry.npmjs.org,sha512,CANDIDATO_NAO_OPCIONAL,artefato sem bloqueio específico conhecido; acesso Nexus não verificado,@angular/cli@21.2.21 > pacote@21.5.1 > @npmcli/package-json@7.0.5 > glob@13.0.6 > minimatch@10.2.6,NAO_VERIFICADA
minipass,3.3.6,node_modules/minipass-flush/node_modules/minipass,transitiva,true,false,true,false,,,>=8,https://registry.npmjs.org/minipass/-/minipass-3.3.6.tgz,registry.npmjs.org,sha512,CANDIDATO_NAO_OPCIONAL,nome com múltiplas versões: homologar cada versão separadamente,@angular/cli@21.2.21 > pacote@21.5.1 > cacache@20.0.4 > minipass-flush@1.0.7 > minipass@3.3.6,NAO_VERIFICADA
minipass,3.3.6,node_modules/minipass-pipeline/node_modules/minipass,transitiva,true,false,true,false,,,>=8,https://registry.npmjs.org/minipass/-/minipass-3.3.6.tgz,registry.npmjs.org,sha512,CANDIDATO_NAO_OPCIONAL,nome com múltiplas versões: homologar cada versão separadamente,@angular/cli@21.2.21 > pacote@21.5.1 > cacache@20.0.4 > minipass-pipeline@1.2.4 > minipass@3.3.6,NAO_VERIFICADA
minipass,7.1.3,node_modules/minipass,transitiva,true,false,true,false,,,>=16 || 14 >=14.17,https://registry.npmjs.org/minipass/-/minipass-7.1.3.tgz,registry.npmjs.org,sha512,CANDIDATO_NAO_OPCIONAL,nome com múltiplas versões: homologar cada versão separadamente,@angular/cli@21.2.21 > pacote@21.5.1 > minipass@7.1.3,NAO_VERIFICADA
minipass-collect,2.0.1,node_modules/minipass-collect,transitiva,true,false,true,false,,,>=16 || 14 >=14.17,https://registry.npmjs.org/minipass-collect/-/minipass-collect-2.0.1.tgz,registry.npmjs.org,sha512,CANDIDATO_NAO_OPCIONAL,artefato sem bloqueio específico conhecido; acesso Nexus não verificado,@angular/cli@21.2.21 > pacote@21.5.1 > cacache@20.0.4 > minipass-collect@2.0.1,NAO_VERIFICADA
minipass-fetch,5.0.2,node_modules/minipass-fetch,transitiva,true,false,true,false,,,^20.17.0 || >=22.9.0,https://registry.npmjs.org/minipass-fetch/-/minipass-fetch-5.0.2.tgz,registry.npmjs.org,sha512,CANDIDATO_NAO_OPCIONAL,artefato sem bloqueio específico conhecido; acesso Nexus não verificado,@angular/cli@21.2.21 > pacote@21.5.1 > npm-registry-fetch@19.1.1 > minipass-fetch@5.0.2,NAO_VERIFICADA
minipass-flush,1.0.7,node_modules/minipass-flush,transitiva,true,false,true,false,,,>= 8,https://registry.npmjs.org/minipass-flush/-/minipass-flush-1.0.7.tgz,registry.npmjs.org,sha512,CANDIDATO_NAO_OPCIONAL,artefato sem bloqueio específico conhecido; acesso Nexus não verificado,@angular/cli@21.2.21 > pacote@21.5.1 > cacache@20.0.4 > minipass-flush@1.0.7,NAO_VERIFICADA
minipass-pipeline,1.2.4,node_modules/minipass-pipeline,transitiva,true,false,true,false,,,>=8,https://registry.npmjs.org/minipass-pipeline/-/minipass-pipeline-1.2.4.tgz,registry.npmjs.org,sha512,CANDIDATO_NAO_OPCIONAL,artefato sem bloqueio específico conhecido; acesso Nexus não verificado,@angular/cli@21.2.21 > pacote@21.5.1 > cacache@20.0.4 > minipass-pipeline@1.2.4,NAO_VERIFICADA
minipass-sized,2.0.0,node_modules/minipass-sized,transitiva,true,false,true,false,,,>=8,https://registry.npmjs.org/minipass-sized/-/minipass-sized-2.0.0.tgz,registry.npmjs.org,sha512,CANDIDATO_NAO_OPCIONAL,artefato sem bloqueio específico conhecido; acesso Nexus não verificado,@angular/cli@21.2.21 > pacote@21.5.1 > npm-registry-fetch@19.1.1 > minipass-fetch@5.0.2 > minipass-sized@2.0.0,NAO_VERIFICADA
minizlib,3.1.0,node_modules/minizlib,transitiva,true,false,true,false,,,>= 18,https://registry.npmjs.org/minizlib/-/minizlib-3.1.0.tgz,registry.npmjs.org,sha512,CANDIDATO_NAO_OPCIONAL,artefato sem bloqueio específico conhecido; acesso Nexus não verificado,@angular/cli@21.2.21 > pacote@21.5.1 > npm-registry-fetch@19.1.1 > minizlib@3.1.0,NAO_VERIFICADA
mrmime,2.0.1,node_modules/mrmime,transitiva,true,false,true,false,,,>=10,https://registry.npmjs.org/mrmime/-/mrmime-2.0.1.tgz,registry.npmjs.org,sha512,CANDIDATO_NAO_OPCIONAL,artefato sem bloqueio específico conhecido; acesso Nexus não verificado,@angular/build@21.2.21 > mrmime@2.0.1,NAO_VERIFICADA
ms,2.1.3,node_modules/ms,transitiva,true,false,true,false,,,,https://registry.npmjs.org/ms/-/ms-2.1.3.tgz,registry.npmjs.org,sha512,CANDIDATO_NAO_OPCIONAL,artefato sem bloqueio específico conhecido; acesso Nexus não verificado,@angular/build@21.2.21 > @babel/core@7.29.7 > debug@4.4.3 > ms@2.1.3,NAO_VERIFICADA
msgpackr,1.12.1,node_modules/msgpackr,transitiva,true,true,true,false,,,,https://registry.npmjs.org/msgpackr/-/msgpackr-1.12.1.tgz,registry.npmjs.org,sha512,CANDIDATO_OPCIONAL,"opcional: ausência pode afetar desempenho ou build, depende do consumidor",@angular/build@21.2.21 > lmdb@3.5.1 > msgpackr@1.12.1,NAO_VERIFICADA
msgpackr-extract,3.0.4,node_modules/msgpackr-extract,transitiva,true,true,true,true,,,,https://registry.npmjs.org/msgpackr-extract/-/msgpackr-extract-3.0.4.tgz,registry.npmjs.org,sha512,CANDIDATO_OPCIONAL,"script de instalação declarado: requer avaliação | opcional: ausência pode afetar desempenho ou build, depende do consumidor",@angular/build@21.2.21 > lmdb@3.5.1 > msgpackr@1.12.1 > msgpackr-extract@3.0.4,NAO_VERIFICADA
mute-stream,2.0.0,node_modules/mute-stream,transitiva,true,false,true,false,,,^18.17.0 || >=20.5.0,https://registry.npmjs.org/mute-stream/-/mute-stream-2.0.0.tgz,registry.npmjs.org,sha512,CANDIDATO_NAO_OPCIONAL,artefato sem bloqueio específico conhecido; acesso Nexus não verificado,@angular/build@21.2.21 > @inquirer/confirm@5.1.21 > @inquirer/core@10.3.2 > mute-stream@2.0.0,NAO_VERIFICADA
nanoid,3.3.18,node_modules/nanoid,transitiva,true,false,true,false,,,^10 || ^12 || ^13.7 || ^14 || >=15.0.1,https://registry.npmjs.org/nanoid/-/nanoid-3.3.18.tgz,registry.npmjs.org,sha512,CANDIDATO_NAO_OPCIONAL,artefato sem bloqueio específico conhecido; acesso Nexus não verificado,@angular/build@21.2.21 > postcss@8.5.28 > nanoid@3.3.18,NAO_VERIFICADA
negotiator,1.0.0,node_modules/negotiator,transitiva,true,false,true,false,,,>=18,https://registry.npmjs.org/negotiator/-/negotiator-1.0.0.tgz,registry.npmjs.org,sha512,CANDIDATO_NAO_OPCIONAL,falha 403 anterior / alternativa versionada (confirmar versão no Nexus),@angular/cli@21.2.21 > @modelcontextprotocol/sdk@1.30.0 > express@5.2.1 > accepts@2.0.0 > negotiator@1.0.0,NAO_VERIFICADA
node-addon-api,6.1.0,node_modules/node-addon-api,transitiva,true,true,true,false,,,,https://registry.npmjs.org/node-addon-api/-/node-addon-api-6.1.0.tgz,registry.npmjs.org,sha512,CANDIDATO_OPCIONAL,"nome com múltiplas versões: homologar cada versão separadamente | opcional: ausência pode afetar desempenho ou build, depende do consumidor",@angular/build@21.2.21 > lmdb@3.5.1 > node-addon-api@6.1.0,NAO_VERIFICADA
node-addon-api,7.1.1,node_modules/@parcel/watcher/node_modules/node-addon-api,transitiva,true,true,true,false,,,,https://registry.npmjs.org/node-addon-api/-/node-addon-api-7.1.1.tgz,registry.npmjs.org,sha512,CANDIDATO_OPCIONAL,"nome com múltiplas versões: homologar cada versão separadamente | opcional: ausência pode afetar desempenho ou build, depende do consumidor",@angular/build@21.2.21 > sass@1.97.3 > @parcel/watcher@2.6.0 > node-addon-api@7.1.1,NAO_VERIFICADA
node-gyp,12.4.0,node_modules/node-gyp,transitiva,true,false,true,false,,,^20.17.0 || >=22.9.0,https://registry.npmjs.org/node-gyp/-/node-gyp-12.4.0.tgz,registry.npmjs.org,sha512,CANDIDATO_NAO_OPCIONAL,artefato sem bloqueio específico conhecido; acesso Nexus não verificado,@angular/cli@21.2.21 > pacote@21.5.1 > @npmcli/run-script@10.0.4 > node-gyp@12.4.0,NAO_VERIFICADA
node-gyp-build-optional-packages,5.2.2,node_modules/node-gyp-build-optional-packages,transitiva,true,true,true,false,,,,https://registry.npmjs.org/node-gyp-build-optional-packages/-/node-gyp-build-optional-packages-5.2.2.tgz,registry.npmjs.org,sha512,CANDIDATO_OPCIONAL,"opcional: ausência pode afetar desempenho ou build, depende do consumidor",@angular/build@21.2.21 > lmdb@3.5.1 > node-gyp-build-optional-packages@5.2.2,NAO_VERIFICADA
node-releases,2.0.54,node_modules/node-releases,transitiva,true,false,true,false,,,>=18,https://registry.npmjs.org/node-releases/-/node-releases-2.0.54.tgz,registry.npmjs.org,sha512,CANDIDATO_NAO_OPCIONAL,artefato sem bloqueio específico conhecido; acesso Nexus não verificado,@angular/build@21.2.21 > browserslist@4.28.9 > node-releases@2.0.54,NAO_VERIFICADA
nopt,9.0.0,node_modules/nopt,transitiva,true,false,true,false,,,^20.17.0 || >=22.9.0,https://registry.npmjs.org/nopt/-/nopt-9.0.0.tgz,registry.npmjs.org,sha512,CANDIDATO_NAO_OPCIONAL,artefato sem bloqueio específico conhecido; acesso Nexus não verificado,@angular/cli@21.2.21 > pacote@21.5.1 > @npmcli/run-script@10.0.4 > node-gyp@12.4.0 > nopt@9.0.0,NAO_VERIFICADA
npm-bundled,5.0.0,node_modules/npm-bundled,transitiva,true,false,true,false,,,^20.17.0 || >=22.9.0,https://registry.npmjs.org/npm-bundled/-/npm-bundled-5.0.0.tgz,registry.npmjs.org,sha512,CANDIDATO_NAO_OPCIONAL,artefato sem bloqueio específico conhecido; acesso Nexus não verificado,@angular/cli@21.2.21 > pacote@21.5.1 > @npmcli/installed-package-contents@4.0.0 > npm-bundled@5.0.0,NAO_VERIFICADA
npm-install-checks,8.0.0,node_modules/npm-install-checks,transitiva,true,false,true,false,,,^20.17.0 || >=22.9.0,https://registry.npmjs.org/npm-install-checks/-/npm-install-checks-8.0.0.tgz,registry.npmjs.org,sha512,CANDIDATO_NAO_OPCIONAL,artefato sem bloqueio específico conhecido; acesso Nexus não verificado,@angular/cli@21.2.21 > pacote@21.5.1 > npm-pick-manifest@11.0.3 > npm-install-checks@8.0.0,NAO_VERIFICADA
npm-normalize-package-bin,5.0.0,node_modules/npm-normalize-package-bin,transitiva,true,false,true,false,,,^20.17.0 || >=22.9.0,https://registry.npmjs.org/npm-normalize-package-bin/-/npm-normalize-package-bin-5.0.0.tgz,registry.npmjs.org,sha512,CANDIDATO_NAO_OPCIONAL,artefato sem bloqueio específico conhecido; acesso Nexus não verificado,@angular/cli@21.2.21 > pacote@21.5.1 > @npmcli/installed-package-contents@4.0.0 > npm-normalize-package-bin@5.0.0,NAO_VERIFICADA
npm-package-arg,13.0.2,node_modules/npm-package-arg,transitiva,true,false,true,false,,,^20.17.0 || >=22.9.0,https://registry.npmjs.org/npm-package-arg/-/npm-package-arg-13.0.2.tgz,registry.npmjs.org,sha512,CANDIDATO_NAO_OPCIONAL,artefato sem bloqueio específico conhecido; acesso Nexus não verificado,@angular/cli@21.2.21 > npm-package-arg@13.0.2,NAO_VERIFICADA
npm-packlist,10.0.4,node_modules/npm-packlist,transitiva,true,false,true,false,,,^20.17.0 || >=22.9.0,https://registry.npmjs.org/npm-packlist/-/npm-packlist-10.0.4.tgz,registry.npmjs.org,sha512,CANDIDATO_NAO_OPCIONAL,artefato sem bloqueio específico conhecido; acesso Nexus não verificado,@angular/cli@21.2.21 > pacote@21.5.1 > npm-packlist@10.0.4,NAO_VERIFICADA
npm-pick-manifest,11.0.3,node_modules/npm-pick-manifest,transitiva,true,false,true,false,,,^20.17.0 || >=22.9.0,https://registry.npmjs.org/npm-pick-manifest/-/npm-pick-manifest-11.0.3.tgz,registry.npmjs.org,sha512,CANDIDATO_NAO_OPCIONAL,artefato sem bloqueio específico conhecido; acesso Nexus não verificado,@angular/cli@21.2.21 > pacote@21.5.1 > npm-pick-manifest@11.0.3,NAO_VERIFICADA
npm-registry-fetch,19.1.1,node_modules/npm-registry-fetch,transitiva,true,false,true,false,,,^20.17.0 || >=22.9.0,https://registry.npmjs.org/npm-registry-fetch/-/npm-registry-fetch-19.1.1.tgz,registry.npmjs.org,sha512,CANDIDATO_NAO_OPCIONAL,artefato sem bloqueio específico conhecido; acesso Nexus não verificado,@angular/cli@21.2.21 > pacote@21.5.1 > npm-registry-fetch@19.1.1,NAO_VERIFICADA
nth-check,2.1.1,node_modules/nth-check,transitiva,true,false,true,false,,,,https://registry.npmjs.org/nth-check/-/nth-check-2.1.1.tgz,registry.npmjs.org,sha512,CANDIDATO_NAO_OPCIONAL,artefato sem bloqueio específico conhecido; acesso Nexus não verificado,@angular/build@21.2.21 > beasties@0.4.1 > css-select@6.0.0 > nth-check@2.1.1,NAO_VERIFICADA
object-assign,4.1.1,node_modules/object-assign,transitiva,true,false,true,false,,,>=0.10.0,https://registry.npmjs.org/object-assign/-/object-assign-4.1.1.tgz,registry.npmjs.org,sha512,CANDIDATO_NAO_OPCIONAL,artefato sem bloqueio específico conhecido; acesso Nexus não verificado,@angular/cli@21.2.21 > @modelcontextprotocol/sdk@1.30.0 > cors@2.8.6 > object-assign@4.1.1,NAO_VERIFICADA
object-inspect,1.13.4,node_modules/object-inspect,transitiva,true,false,true,false,,,>= 0.4,https://registry.npmjs.org/object-inspect/-/object-inspect-1.13.4.tgz,registry.npmjs.org,sha512,CANDIDATO_NAO_OPCIONAL,artefato sem bloqueio específico conhecido; acesso Nexus não verificado,@angular/cli@21.2.21 > @modelcontextprotocol/sdk@1.30.0 > express@5.2.1 > qs@6.16.0 > side-channel@1.1.1 > object-inspect@1.13.4,NAO_VERIFICADA
on-finished,2.4.1,node_modules/on-finished,transitiva,true,false,true,false,,,>= 0.8,https://registry.npmjs.org/on-finished/-/on-finished-2.4.1.tgz,registry.npmjs.org,sha512,CANDIDATO_NAO_OPCIONAL,artefato sem bloqueio específico conhecido; acesso Nexus não verificado,@angular/cli@21.2.21 > @modelcontextprotocol/sdk@1.30.0 > express@5.2.1 > on-finished@2.4.1,NAO_VERIFICADA
once,1.4.0,node_modules/once,transitiva,true,false,true,false,,,,https://registry.npmjs.org/once/-/once-1.4.0.tgz,registry.npmjs.org,sha512,CANDIDATO_NAO_OPCIONAL,artefato sem bloqueio específico conhecido; acesso Nexus não verificado,@angular/cli@21.2.21 > @modelcontextprotocol/sdk@1.30.0 > express@5.2.1 > once@1.4.0,NAO_VERIFICADA
onetime,7.0.0,node_modules/onetime,transitiva,true,false,true,false,,,>=18,https://registry.npmjs.org/onetime/-/onetime-7.0.0.tgz,registry.npmjs.org,sha512,CANDIDATO_NAO_OPCIONAL,artefato sem bloqueio específico conhecido; acesso Nexus não verificado,@angular/build@21.2.21 > listr2@9.0.5 > log-update@6.1.0 > cli-cursor@5.0.0 > restore-cursor@5.1.0 > onetime@7.0.0,NAO_VERIFICADA
ora,9.3.0,node_modules/ora,transitiva,true,false,true,false,,,>=20,https://registry.npmjs.org/ora/-/ora-9.3.0.tgz,registry.npmjs.org,sha512,CANDIDATO_NAO_OPCIONAL,artefato sem bloqueio específico conhecido; acesso Nexus não verificado,@angular/cli@21.2.21 > @angular-devkit/schematics@21.2.21 > ora@9.3.0,NAO_VERIFICADA
ordered-binary,1.6.1,node_modules/ordered-binary,transitiva,true,true,true,false,,,,https://registry.npmjs.org/ordered-binary/-/ordered-binary-1.6.1.tgz,registry.npmjs.org,sha512,CANDIDATO_OPCIONAL,"opcional: ausência pode afetar desempenho ou build, depende do consumidor",@angular/build@21.2.21 > lmdb@3.5.1 > ordered-binary@1.6.1,NAO_VERIFICADA
p-map,7.0.7,node_modules/p-map,transitiva,true,false,true,false,,,>=18,https://registry.npmjs.org/p-map/-/p-map-7.0.7.tgz,registry.npmjs.org,sha512,CANDIDATO_NAO_OPCIONAL,artefato sem bloqueio específico conhecido; acesso Nexus não verificado,@angular/cli@21.2.21 > pacote@21.5.1 > cacache@20.0.4 > p-map@7.0.7,NAO_VERIFICADA
pacote,21.5.1,node_modules/pacote,transitiva,true,false,true,false,,,^20.17.0 || >=22.9.0,https://registry.npmjs.org/pacote/-/pacote-21.5.1.tgz,registry.npmjs.org,sha512,CANDIDATO_NAO_OPCIONAL,artefato sem bloqueio específico conhecido; acesso Nexus não verificado,@angular/cli@21.2.21 > pacote@21.5.1,NAO_VERIFICADA
parse5,8.0.1,node_modules/parse5,transitiva,true,false,true,false,,,,https://registry.npmjs.org/parse5/-/parse5-8.0.1.tgz,registry.npmjs.org,sha512,CANDIDATO_NAO_OPCIONAL,artefato sem bloqueio específico conhecido; acesso Nexus não verificado,@angular/build@21.2.21 > parse5-html-rewriting-stream@8.0.0 > parse5@8.0.1,NAO_VERIFICADA
parse5-html-rewriting-stream,8.0.0,node_modules/parse5-html-rewriting-stream,transitiva,true,false,true,false,,,,https://registry.npmjs.org/parse5-html-rewriting-stream/-/parse5-html-rewriting-stream-8.0.0.tgz,registry.npmjs.org,sha512,CANDIDATO_NAO_OPCIONAL,artefato sem bloqueio específico conhecido; acesso Nexus não verificado,@angular/build@21.2.21 > parse5-html-rewriting-stream@8.0.0,NAO_VERIFICADA
parse5-sax-parser,8.0.0,node_modules/parse5-sax-parser,transitiva,true,false,true,false,,,,https://registry.npmjs.org/parse5-sax-parser/-/parse5-sax-parser-8.0.0.tgz,registry.npmjs.org,sha512,CANDIDATO_NAO_OPCIONAL,artefato sem bloqueio específico conhecido; acesso Nexus não verificado,@angular/build@21.2.21 > parse5-html-rewriting-stream@8.0.0 > parse5-sax-parser@8.0.0,NAO_VERIFICADA
parseurl,1.3.3,node_modules/parseurl,transitiva,true,false,true,false,,,>= 0.8,https://registry.npmjs.org/parseurl/-/parseurl-1.3.3.tgz,registry.npmjs.org,sha512,CANDIDATO_NAO_OPCIONAL,artefato sem bloqueio específico conhecido; acesso Nexus não verificado,@angular/cli@21.2.21 > @modelcontextprotocol/sdk@1.30.0 > express@5.2.1 > parseurl@1.3.3,NAO_VERIFICADA
path-key,3.1.1,node_modules/path-key,transitiva,true,false,true,false,,,>=8,https://registry.npmjs.org/path-key/-/path-key-3.1.1.tgz,registry.npmjs.org,sha512,CANDIDATO_NAO_OPCIONAL,artefato sem bloqueio específico conhecido; acesso Nexus não verificado,@angular/cli@21.2.21 > @modelcontextprotocol/sdk@1.30.0 > cross-spawn@7.0.6 > path-key@3.1.1,NAO_VERIFICADA
path-scurry,2.0.2,node_modules/path-scurry,transitiva,true,false,true,false,,,18 || 20 || >=22,https://registry.npmjs.org/path-scurry/-/path-scurry-2.0.2.tgz,registry.npmjs.org,sha512,CANDIDATO_NAO_OPCIONAL,artefato sem bloqueio específico conhecido; acesso Nexus não verificado,@angular/cli@21.2.21 > pacote@21.5.1 > @npmcli/package-json@7.0.5 > glob@13.0.6 > path-scurry@2.0.2,NAO_VERIFICADA
path-to-regexp,8.4.2,node_modules/path-to-regexp,transitiva,true,false,true,false,,,,https://registry.npmjs.org/path-to-regexp/-/path-to-regexp-8.4.2.tgz,registry.npmjs.org,sha512,CANDIDATO_NAO_OPCIONAL,artefato sem bloqueio específico conhecido; acesso Nexus não verificado,@angular/cli@21.2.21 > @modelcontextprotocol/sdk@1.30.0 > express@5.2.1 > router@2.2.0 > path-to-regexp@8.4.2,NAO_VERIFICADA
picocolors,1.1.1,node_modules/picocolors,transitiva,true,false,true,false,,,,https://registry.npmjs.org/picocolors/-/picocolors-1.1.1.tgz,registry.npmjs.org,sha512,CANDIDATO_NAO_OPCIONAL,artefato sem bloqueio específico conhecido; acesso Nexus não verificado,@angular/build@21.2.21 > beasties@0.4.1 > picocolors@1.1.1,NAO_VERIFICADA
picomatch,4.0.4,node_modules/picomatch,transitiva,true,false,true,false,,,>=12,https://registry.npmjs.org/picomatch/-/picomatch-4.0.4.tgz,registry.npmjs.org,sha512,CANDIDATO_NAO_OPCIONAL,artefato sem bloqueio específico conhecido; acesso Nexus não verificado,@angular/build@21.2.21 > picomatch@4.0.4,NAO_VERIFICADA
piscina,5.2.0,node_modules/piscina,transitiva,true,false,true,false,,,>=20.x,https://registry.npmjs.org/piscina/-/piscina-5.2.0.tgz,registry.npmjs.org,sha512,CANDIDATO_NAO_OPCIONAL,artefato sem bloqueio específico conhecido; acesso Nexus não verificado,@angular/build@21.2.21 > piscina@5.2.0,NAO_VERIFICADA
pkce-challenge,5.0.1,node_modules/pkce-challenge,transitiva,true,false,true,false,,,>=16.20.0,https://registry.npmjs.org/pkce-challenge/-/pkce-challenge-5.0.1.tgz,registry.npmjs.org,sha512,CANDIDATO_NAO_OPCIONAL,artefato sem bloqueio específico conhecido; acesso Nexus não verificado,@angular/cli@21.2.21 > @modelcontextprotocol/sdk@1.30.0 > pkce-challenge@5.0.1,NAO_VERIFICADA
postcss,8.5.28,node_modules/postcss,transitiva,true,false,true,false,,,^10 || ^12 || >=14,https://registry.npmjs.org/postcss/-/postcss-8.5.28.tgz,registry.npmjs.org,sha512,CANDIDATO_NAO_OPCIONAL,artefato sem bloqueio específico conhecido; acesso Nexus não verificado,@angular/build@21.2.21 > postcss@8.5.28,NAO_VERIFICADA
postcss-media-query-parser,0.2.3,node_modules/postcss-media-query-parser,transitiva,true,false,true,false,,,,https://registry.npmjs.org/postcss-media-query-parser/-/postcss-media-query-parser-0.2.3.tgz,registry.npmjs.org,sha512,CANDIDATO_NAO_OPCIONAL,artefato sem bloqueio específico conhecido; acesso Nexus não verificado,@angular/build@21.2.21 > beasties@0.4.1 > postcss-media-query-parser@0.2.3,NAO_VERIFICADA
postcss-safe-parser,7.1.0,node_modules/postcss-safe-parser,transitiva,true,false,true,false,,,>=18.0,https://registry.npmjs.org/postcss-safe-parser/-/postcss-safe-parser-7.1.0.tgz,registry.npmjs.org,sha512,CANDIDATO_NAO_OPCIONAL,artefato sem bloqueio específico conhecido; acesso Nexus não verificado,@angular/build@21.2.21 > beasties@0.4.1 > postcss-safe-parser@7.1.0,NAO_VERIFICADA
proc-log,6.1.0,node_modules/proc-log,transitiva,true,false,true,false,,,^20.17.0 || >=22.9.0,https://registry.npmjs.org/proc-log/-/proc-log-6.1.0.tgz,registry.npmjs.org,sha512,CANDIDATO_NAO_OPCIONAL,artefato sem bloqueio específico conhecido; acesso Nexus não verificado,@angular/cli@21.2.21 > npm-package-arg@13.0.2 > proc-log@6.1.0,NAO_VERIFICADA
proxy-addr,2.0.7,node_modules/proxy-addr,transitiva,true,false,true,false,,,>= 0.10,https://registry.npmjs.org/proxy-addr/-/proxy-addr-2.0.7.tgz,registry.npmjs.org,sha512,CANDIDATO_NAO_OPCIONAL,artefato sem bloqueio específico conhecido; acesso Nexus não verificado,@angular/cli@21.2.21 > @modelcontextprotocol/sdk@1.30.0 > express@5.2.1 > proxy-addr@2.0.7,NAO_VERIFICADA
qs,6.16.0,node_modules/qs,transitiva,true,false,true,false,,,>=0.6,https://registry.npmjs.org/qs/-/qs-6.16.0.tgz,registry.npmjs.org,sha512,CANDIDATO_NAO_OPCIONAL,artefato sem bloqueio específico conhecido; acesso Nexus não verificado,@angular/cli@21.2.21 > @modelcontextprotocol/sdk@1.30.0 > express@5.2.1 > qs@6.16.0,NAO_VERIFICADA
range-parser,1.3.0,node_modules/range-parser,transitiva,true,false,true,false,,,>= 0.6,https://registry.npmjs.org/range-parser/-/range-parser-1.3.0.tgz,registry.npmjs.org,sha512,CANDIDATO_NAO_OPCIONAL,artefato sem bloqueio específico conhecido; acesso Nexus não verificado,@angular/cli@21.2.21 > @modelcontextprotocol/sdk@1.30.0 > express@5.2.1 > range-parser@1.3.0,NAO_VERIFICADA
raw-body,3.0.2,node_modules/raw-body,transitiva,true,false,true,false,,,>= 0.10,https://registry.npmjs.org/raw-body/-/raw-body-3.0.2.tgz,registry.npmjs.org,sha512,CANDIDATO_NAO_OPCIONAL,artefato sem bloqueio específico conhecido; acesso Nexus não verificado,@angular/cli@21.2.21 > @modelcontextprotocol/sdk@1.30.0 > raw-body@3.0.2,NAO_VERIFICADA
readdirp,4.1.2,node_modules/sass/node_modules/readdirp,transitiva,true,false,true,false,,,>= 14.18.0,https://registry.npmjs.org/readdirp/-/readdirp-4.1.2.tgz,registry.npmjs.org,sha512,CANDIDATO_NAO_OPCIONAL,nome com múltiplas versões: homologar cada versão separadamente,@angular/build@21.2.21 > sass@1.97.3 > chokidar@4.0.3 > readdirp@4.1.2,NAO_VERIFICADA
readdirp,5.1.1,node_modules/readdirp,transitiva,true,false,true,false,,,>= 20.19.0,https://registry.npmjs.org/readdirp/-/readdirp-5.1.1.tgz,registry.npmjs.org,sha512,CANDIDATO_NAO_OPCIONAL,nome com múltiplas versões: homologar cada versão separadamente,@angular/compiler-cli@21.2.21 > chokidar@5.0.0 > readdirp@5.1.1,NAO_VERIFICADA
reflect-metadata,0.2.2,node_modules/reflect-metadata,transitiva,true,false,true,false,,,,https://registry.npmjs.org/reflect-metadata/-/reflect-metadata-0.2.2.tgz,registry.npmjs.org,sha512,CANDIDATO_NAO_OPCIONAL,artefato sem bloqueio específico conhecido; acesso Nexus não verificado,@angular/compiler-cli@21.2.21 > reflect-metadata@0.2.2,NAO_VERIFICADA
require-from-string,2.0.2,node_modules/require-from-string,transitiva,true,false,true,false,,,>=0.10.0,https://registry.npmjs.org/require-from-string/-/require-from-string-2.0.2.tgz,registry.npmjs.org,sha512,CANDIDATO_NAO_OPCIONAL,artefato sem bloqueio específico conhecido; acesso Nexus não verificado,@angular/cli@21.2.21 > @angular-devkit/core@21.2.21 > ajv@8.18.0 > require-from-string@2.0.2,NAO_VERIFICADA
restore-cursor,5.1.0,node_modules/restore-cursor,transitiva,true,false,true,false,,,>=18,https://registry.npmjs.org/restore-cursor/-/restore-cursor-5.1.0.tgz,registry.npmjs.org,sha512,CANDIDATO_NAO_OPCIONAL,artefato sem bloqueio específico conhecido; acesso Nexus não verificado,@angular/build@21.2.21 > listr2@9.0.5 > log-update@6.1.0 > cli-cursor@5.0.0 > restore-cursor@5.1.0,NAO_VERIFICADA
rfdc,1.4.1,node_modules/rfdc,transitiva,true,false,true,false,,,,https://registry.npmjs.org/rfdc/-/rfdc-1.4.1.tgz,registry.npmjs.org,sha512,CANDIDATO_NAO_OPCIONAL,artefato sem bloqueio específico conhecido; acesso Nexus não verificado,@angular/build@21.2.21 > listr2@9.0.5 > rfdc@1.4.1,NAO_VERIFICADA
rolldown,1.0.0-rc.4,node_modules/rolldown,transitiva,true,false,true,false,,,^20.19.0 || >=22.12.0,https://registry.npmjs.org/rolldown/-/rolldown-1.0.0-rc.4.tgz,registry.npmjs.org,sha512,CANDIDATO_NAO_OPCIONAL,release candidate (verificar política de pré-lançamento) | ferramenta de build: indisponibilidade pode impedir compilação,@angular/build@21.2.21 > rolldown@1.0.0-rc.4,NAO_VERIFICADA
rollup,4.63.1,node_modules/rollup,transitiva,true,false,true,false,,,>=18.0.0,https://registry.npmjs.org/rollup/-/rollup-4.63.1.tgz,registry.npmjs.org,sha512,CANDIDATO_NAO_OPCIONAL,ferramenta de build: indisponibilidade pode impedir compilação,@angular/build@21.2.21 > vite@7.3.6 > rollup@4.63.1,NAO_VERIFICADA
router,2.2.0,node_modules/router,transitiva,true,false,true,false,,,>= 18,https://registry.npmjs.org/router/-/router-2.2.0.tgz,registry.npmjs.org,sha512,CANDIDATO_NAO_OPCIONAL,artefato sem bloqueio específico conhecido; acesso Nexus não verificado,@angular/cli@21.2.21 > @modelcontextprotocol/sdk@1.30.0 > express@5.2.1 > router@2.2.0,NAO_VERIFICADA
rxjs,7.8.2,node_modules/rxjs,direta,false,false,true,false,,,,https://registry.npmjs.org/rxjs/-/rxjs-7.8.2.tgz,registry.npmjs.org,sha512,CANDIDATO_NAO_OPCIONAL,artefato sem bloqueio específico conhecido; acesso Nexus não verificado,rxjs@7.8.2,NAO_VERIFICADA
safer-buffer,2.1.2,node_modules/safer-buffer,transitiva,true,false,true,false,,,,https://registry.npmjs.org/safer-buffer/-/safer-buffer-2.1.2.tgz,registry.npmjs.org,sha512,CANDIDATO_NAO_OPCIONAL,artefato sem bloqueio específico conhecido; acesso Nexus não verificado,@angular/cli@21.2.21 > @modelcontextprotocol/sdk@1.30.0 > raw-body@3.0.2 > iconv-lite@0.7.3 > safer-buffer@2.1.2,NAO_VERIFICADA
sass,1.97.3,node_modules/sass,transitiva,true,false,true,false,,,>=14.0.0,https://registry.npmjs.org/sass/-/sass-1.97.3.tgz,registry.npmjs.org,sha512,CANDIDATO_NAO_OPCIONAL,artefato sem bloqueio específico conhecido; acesso Nexus não verificado,@angular/build@21.2.21 > sass@1.97.3,NAO_VERIFICADA
semver,6.3.1,node_modules/@babel/core/node_modules/semver,transitiva,true,false,true,false,,,,https://registry.npmjs.org/semver/-/semver-6.3.1.tgz,registry.npmjs.org,sha512,CANDIDATO_NAO_OPCIONAL,nome com múltiplas versões: homologar cada versão separadamente,@angular/build@21.2.21 > @babel/core@7.29.7 > semver@6.3.1,NAO_VERIFICADA
semver,6.3.1,node_modules/@babel/helper-compilation-targets/node_modules/semver,transitiva,true,false,true,false,,,,https://registry.npmjs.org/semver/-/semver-6.3.1.tgz,registry.npmjs.org,sha512,CANDIDATO_NAO_OPCIONAL,nome com múltiplas versões: homologar cada versão separadamente,@angular/build@21.2.21 > @babel/core@7.29.7 > @babel/helper-compilation-targets@7.29.7 > semver@6.3.1,NAO_VERIFICADA
semver,7.7.4,node_modules/semver,transitiva,true,false,true,false,,,>=10,https://registry.npmjs.org/semver/-/semver-7.7.4.tgz,registry.npmjs.org,sha512,CANDIDATO_NAO_OPCIONAL,nome com múltiplas versões: homologar cada versão separadamente,@angular/build@21.2.21 > semver@7.7.4,NAO_VERIFICADA
send,1.2.1,node_modules/send,transitiva,true,false,true,false,,,>= 18,https://registry.npmjs.org/send/-/send-1.2.1.tgz,registry.npmjs.org,sha512,CANDIDATO_NAO_OPCIONAL,artefato sem bloqueio específico conhecido; acesso Nexus não verificado,@angular/cli@21.2.21 > @modelcontextprotocol/sdk@1.30.0 > express@5.2.1 > send@1.2.1,NAO_VERIFICADA
serve-static,2.2.1,node_modules/serve-static,transitiva,true,false,true,false,,,>= 18,https://registry.npmjs.org/serve-static/-/serve-static-2.2.1.tgz,registry.npmjs.org,sha512,CANDIDATO_NAO_OPCIONAL,artefato sem bloqueio específico conhecido; acesso Nexus não verificado,@angular/cli@21.2.21 > @modelcontextprotocol/sdk@1.30.0 > express@5.2.1 > serve-static@2.2.1,NAO_VERIFICADA
setprototypeof,1.2.0,node_modules/setprototypeof,transitiva,true,false,true,false,,,,https://registry.npmjs.org/setprototypeof/-/setprototypeof-1.2.0.tgz,registry.npmjs.org,sha512,CANDIDATO_NAO_OPCIONAL,artefato sem bloqueio específico conhecido; acesso Nexus não verificado,@angular/cli@21.2.21 > @modelcontextprotocol/sdk@1.30.0 > express@5.2.1 > http-errors@2.0.1 > setprototypeof@1.2.0,NAO_VERIFICADA
shebang-command,2.0.0,node_modules/shebang-command,transitiva,true,false,true,false,,,>=8,https://registry.npmjs.org/shebang-command/-/shebang-command-2.0.0.tgz,registry.npmjs.org,sha512,CANDIDATO_NAO_OPCIONAL,artefato sem bloqueio específico conhecido; acesso Nexus não verificado,@angular/cli@21.2.21 > @modelcontextprotocol/sdk@1.30.0 > cross-spawn@7.0.6 > shebang-command@2.0.0,NAO_VERIFICADA
shebang-regex,3.0.0,node_modules/shebang-regex,transitiva,true,false,true,false,,,>=8,https://registry.npmjs.org/shebang-regex/-/shebang-regex-3.0.0.tgz,registry.npmjs.org,sha512,CANDIDATO_NAO_OPCIONAL,artefato sem bloqueio específico conhecido; acesso Nexus não verificado,@angular/cli@21.2.21 > @modelcontextprotocol/sdk@1.30.0 > cross-spawn@7.0.6 > shebang-command@2.0.0 > shebang-regex@3.0.0,NAO_VERIFICADA
side-channel,1.1.1,node_modules/side-channel,transitiva,true,false,true,false,,,>= 0.4,https://registry.npmjs.org/side-channel/-/side-channel-1.1.1.tgz,registry.npmjs.org,sha512,CANDIDATO_NAO_OPCIONAL,artefato sem bloqueio específico conhecido; acesso Nexus não verificado,@angular/cli@21.2.21 > @modelcontextprotocol/sdk@1.30.0 > express@5.2.1 > qs@6.16.0 > side-channel@1.1.1,NAO_VERIFICADA
side-channel-list,1.0.1,node_modules/side-channel-list,transitiva,true,false,true,false,,,>= 0.4,https://registry.npmjs.org/side-channel-list/-/side-channel-list-1.0.1.tgz,registry.npmjs.org,sha512,CANDIDATO_NAO_OPCIONAL,artefato sem bloqueio específico conhecido; acesso Nexus não verificado,@angular/cli@21.2.21 > @modelcontextprotocol/sdk@1.30.0 > express@5.2.1 > qs@6.16.0 > side-channel@1.1.1 > side-channel-list@1.0.1,NAO_VERIFICADA
side-channel-map,1.0.1,node_modules/side-channel-map,transitiva,true,false,true,false,,,>= 0.4,https://registry.npmjs.org/side-channel-map/-/side-channel-map-1.0.1.tgz,registry.npmjs.org,sha512,CANDIDATO_NAO_OPCIONAL,artefato sem bloqueio específico conhecido; acesso Nexus não verificado,@angular/cli@21.2.21 > @modelcontextprotocol/sdk@1.30.0 > express@5.2.1 > qs@6.16.0 > side-channel@1.1.1 > side-channel-map@1.0.1,NAO_VERIFICADA
side-channel-weakmap,1.0.2,node_modules/side-channel-weakmap,transitiva,true,false,true,false,,,>= 0.4,https://registry.npmjs.org/side-channel-weakmap/-/side-channel-weakmap-1.0.2.tgz,registry.npmjs.org,sha512,CANDIDATO_NAO_OPCIONAL,artefato sem bloqueio específico conhecido; acesso Nexus não verificado,@angular/cli@21.2.21 > @modelcontextprotocol/sdk@1.30.0 > express@5.2.1 > qs@6.16.0 > side-channel@1.1.1 > side-channel-weakmap@1.0.2,NAO_VERIFICADA
signal-exit,4.1.0,node_modules/signal-exit,transitiva,true,false,true,false,,,>=14,https://registry.npmjs.org/signal-exit/-/signal-exit-4.1.0.tgz,registry.npmjs.org,sha512,CANDIDATO_NAO_OPCIONAL,artefato sem bloqueio específico conhecido; acesso Nexus não verificado,@angular/build@21.2.21 > @inquirer/confirm@5.1.21 > @inquirer/core@10.3.2 > signal-exit@4.1.0,NAO_VERIFICADA
sigstore,4.1.1,node_modules/sigstore,transitiva,true,false,true,false,,,^20.17.0 || >=22.9.0,https://registry.npmjs.org/sigstore/-/sigstore-4.1.1.tgz,registry.npmjs.org,sha512,CANDIDATO_NAO_OPCIONAL,artefato sem bloqueio específico conhecido; acesso Nexus não verificado,@angular/cli@21.2.21 > pacote@21.5.1 > sigstore@4.1.1,NAO_VERIFICADA
slice-ansi,7.1.2,node_modules/log-update/node_modules/slice-ansi,transitiva,true,false,true,false,,,>=18,https://registry.npmjs.org/slice-ansi/-/slice-ansi-7.1.2.tgz,registry.npmjs.org,sha512,CANDIDATO_NAO_OPCIONAL,nome com múltiplas versões: homologar cada versão separadamente,@angular/build@21.2.21 > listr2@9.0.5 > log-update@6.1.0 > slice-ansi@7.1.2,NAO_VERIFICADA
slice-ansi,8.0.0,node_modules/slice-ansi,transitiva,true,false,true,false,,,>=20,https://registry.npmjs.org/slice-ansi/-/slice-ansi-8.0.0.tgz,registry.npmjs.org,sha512,CANDIDATO_NAO_OPCIONAL,nome com múltiplas versões: homologar cada versão separadamente,@angular/build@21.2.21 > listr2@9.0.5 > cli-truncate@5.2.0 > slice-ansi@8.0.0,NAO_VERIFICADA
smart-buffer,4.2.0,node_modules/smart-buffer,transitiva,true,false,true,false,,,>= 6.0.0,https://registry.npmjs.org/smart-buffer/-/smart-buffer-4.2.0.tgz,registry.npmjs.org,sha512,CANDIDATO_NAO_OPCIONAL,artefato sem bloqueio específico conhecido; acesso Nexus não verificado,@angular/cli@21.2.21 > pacote@21.5.1 > npm-registry-fetch@19.1.1 > make-fetch-happen@15.0.6 > @npmcli/agent@4.0.2 > socks-proxy-agent@8.0.5 > socks@2.8.10 > smart-buffer@4.2.0,NAO_VERIFICADA
socks,2.8.10,node_modules/socks,transitiva,true,false,true,false,,,>= 10.0.0,https://registry.npmjs.org/socks/-/socks-2.8.10.tgz,registry.npmjs.org,sha512,CANDIDATO_NAO_OPCIONAL,artefato sem bloqueio específico conhecido; acesso Nexus não verificado,@angular/cli@21.2.21 > pacote@21.5.1 > npm-registry-fetch@19.1.1 > make-fetch-happen@15.0.6 > @npmcli/agent@4.0.2 > socks-proxy-agent@8.0.5 > socks@2.8.10,NAO_VERIFICADA
socks-proxy-agent,8.0.5,node_modules/socks-proxy-agent,transitiva,true,false,true,false,,,>= 14,https://registry.npmjs.org/socks-proxy-agent/-/socks-proxy-agent-8.0.5.tgz,registry.npmjs.org,sha512,CANDIDATO_NAO_OPCIONAL,artefato sem bloqueio específico conhecido; acesso Nexus não verificado,@angular/cli@21.2.21 > pacote@21.5.1 > npm-registry-fetch@19.1.1 > make-fetch-happen@15.0.6 > @npmcli/agent@4.0.2 > socks-proxy-agent@8.0.5,NAO_VERIFICADA
source-map,0.6.1,node_modules/source-map-support/node_modules/source-map,transitiva,true,false,true,false,,,>=0.10.0,https://registry.npmjs.org/source-map/-/source-map-0.6.1.tgz,registry.npmjs.org,sha512,CANDIDATO_NAO_OPCIONAL,nome com múltiplas versões: homologar cada versão separadamente,@angular/build@21.2.21 > source-map-support@0.5.21 > source-map@0.6.1,NAO_VERIFICADA
source-map,0.7.6,node_modules/source-map,transitiva,true,false,true,false,,,>= 12,https://registry.npmjs.org/source-map/-/source-map-0.7.6.tgz,registry.npmjs.org,sha512,CANDIDATO_NAO_OPCIONAL,nome com múltiplas versões: homologar cada versão separadamente,@angular/cli@21.2.21 > @angular-devkit/core@21.2.21 > source-map@0.7.6,NAO_VERIFICADA
source-map-js,1.2.1,node_modules/source-map-js,transitiva,true,false,true,false,,,>=0.10.0,https://registry.npmjs.org/source-map-js/-/source-map-js-1.2.1.tgz,registry.npmjs.org,sha512,CANDIDATO_NAO_OPCIONAL,artefato sem bloqueio específico conhecido; acesso Nexus não verificado,@angular/build@21.2.21 > sass@1.97.3 > source-map-js@1.2.1,NAO_VERIFICADA
source-map-support,0.5.21,node_modules/source-map-support,transitiva,true,false,true,false,,,,https://registry.npmjs.org/source-map-support/-/source-map-support-0.5.21.tgz,registry.npmjs.org,sha512,CANDIDATO_NAO_OPCIONAL,artefato sem bloqueio específico conhecido; acesso Nexus não verificado,@angular/build@21.2.21 > source-map-support@0.5.21,NAO_VERIFICADA
spdx-exceptions,2.5.0,node_modules/spdx-exceptions,transitiva,true,false,true,false,,,,https://registry.npmjs.org/spdx-exceptions/-/spdx-exceptions-2.5.0.tgz,registry.npmjs.org,sha512,CANDIDATO_NAO_OPCIONAL,artefato sem bloqueio específico conhecido; acesso Nexus não verificado,@angular/cli@21.2.21 > pacote@21.5.1 > @npmcli/package-json@7.0.5 > spdx-expression-parse@4.0.0 > spdx-exceptions@2.5.0,NAO_VERIFICADA
spdx-expression-parse,4.0.0,node_modules/spdx-expression-parse,transitiva,true,false,true,false,,,,https://registry.npmjs.org/spdx-expression-parse/-/spdx-expression-parse-4.0.0.tgz,registry.npmjs.org,sha512,CANDIDATO_NAO_OPCIONAL,artefato sem bloqueio específico conhecido; acesso Nexus não verificado,@angular/cli@21.2.21 > pacote@21.5.1 > @npmcli/package-json@7.0.5 > spdx-expression-parse@4.0.0,NAO_VERIFICADA
spdx-license-ids,3.0.23,node_modules/spdx-license-ids,transitiva,true,false,true,false,,,,https://registry.npmjs.org/spdx-license-ids/-/spdx-license-ids-3.0.23.tgz,registry.npmjs.org,sha512,CANDIDATO_NAO_OPCIONAL,artefato sem bloqueio específico conhecido; acesso Nexus não verificado,@angular/cli@21.2.21 > pacote@21.5.1 > @npmcli/package-json@7.0.5 > spdx-expression-parse@4.0.0 > spdx-license-ids@3.0.23,NAO_VERIFICADA
ssri,13.0.1,node_modules/ssri,transitiva,true,false,true,false,,,^20.17.0 || >=22.9.0,https://registry.npmjs.org/ssri/-/ssri-13.0.1.tgz,registry.npmjs.org,sha512,CANDIDATO_NAO_OPCIONAL,artefato sem bloqueio específico conhecido; acesso Nexus não verificado,@angular/cli@21.2.21 > pacote@21.5.1 > ssri@13.0.1,NAO_VERIFICADA
statuses,2.0.2,node_modules/statuses,transitiva,true,false,true,false,,,>= 0.8,https://registry.npmjs.org/statuses/-/statuses-2.0.2.tgz,registry.npmjs.org,sha512,CANDIDATO_NAO_OPCIONAL,artefato sem bloqueio específico conhecido; acesso Nexus não verificado,@angular/cli@21.2.21 > @modelcontextprotocol/sdk@1.30.0 > express@5.2.1 > statuses@2.0.2,NAO_VERIFICADA
stdin-discarder,0.3.2,node_modules/stdin-discarder,transitiva,true,false,true,false,,,>=18,https://registry.npmjs.org/stdin-discarder/-/stdin-discarder-0.3.2.tgz,registry.npmjs.org,sha512,CANDIDATO_NAO_OPCIONAL,artefato sem bloqueio específico conhecido; acesso Nexus não verificado,@angular/cli@21.2.21 > @angular-devkit/schematics@21.2.21 > ora@9.3.0 > stdin-discarder@0.3.2,NAO_VERIFICADA
string-width,4.2.3,node_modules/wrap-ansi/node_modules/string-width,transitiva,true,false,true,false,,,>=8,https://registry.npmjs.org/string-width/-/string-width-4.2.3.tgz,registry.npmjs.org,sha512,CANDIDATO_NAO_OPCIONAL,nome com múltiplas versões: homologar cada versão separadamente,@angular/build@21.2.21 > @inquirer/confirm@5.1.21 > @inquirer/core@10.3.2 > wrap-ansi@6.2.0 > string-width@4.2.3,NAO_VERIFICADA
string-width,7.2.0,node_modules/cliui/node_modules/string-width,transitiva,true,false,true,false,,,>=18,https://registry.npmjs.org/string-width/-/string-width-7.2.0.tgz,registry.npmjs.org,sha512,CANDIDATO_NAO_OPCIONAL,nome com múltiplas versões: homologar cada versão separadamente,@angular/cli@21.2.21 > yargs@18.0.0 > cliui@9.0.1 > string-width@7.2.0,NAO_VERIFICADA
string-width,7.2.0,node_modules/listr2/node_modules/string-width,transitiva,true,false,true,false,,,>=18,https://registry.npmjs.org/string-width/-/string-width-7.2.0.tgz,registry.npmjs.org,sha512,CANDIDATO_NAO_OPCIONAL,nome com múltiplas versões: homologar cada versão separadamente,@angular/build@21.2.21 > listr2@9.0.5 > wrap-ansi@9.0.2 > string-width@7.2.0,NAO_VERIFICADA
string-width,7.2.0,node_modules/log-update/node_modules/string-width,transitiva,true,false,true,false,,,>=18,https://registry.npmjs.org/string-width/-/string-width-7.2.0.tgz,registry.npmjs.org,sha512,CANDIDATO_NAO_OPCIONAL,nome com múltiplas versões: homologar cada versão separadamente,@angular/build@21.2.21 > listr2@9.0.5 > log-update@6.1.0 > wrap-ansi@9.0.2 > string-width@7.2.0,NAO_VERIFICADA
string-width,7.2.0,node_modules/yargs/node_modules/string-width,transitiva,true,false,true,false,,,>=18,https://registry.npmjs.org/string-width/-/string-width-7.2.0.tgz,registry.npmjs.org,sha512,CANDIDATO_NAO_OPCIONAL,nome com múltiplas versões: homologar cada versão separadamente,@angular/cli@21.2.21 > yargs@18.0.0 > string-width@7.2.0,NAO_VERIFICADA
string-width,8.2.2,node_modules/string-width,transitiva,true,false,true,false,,,>=20,https://registry.npmjs.org/string-width/-/string-width-8.2.2.tgz,registry.npmjs.org,sha512,CANDIDATO_NAO_OPCIONAL,nome com múltiplas versões: homologar cada versão separadamente,@angular/build@21.2.21 > listr2@9.0.5 > cli-truncate@5.2.0 > string-width@8.2.2,NAO_VERIFICADA
strip-ansi,6.0.1,node_modules/wrap-ansi/node_modules/strip-ansi,transitiva,true,false,true,false,,,>=8,https://registry.npmjs.org/strip-ansi/-/strip-ansi-6.0.1.tgz,registry.npmjs.org,sha512,CANDIDATO_NAO_OPCIONAL,nome com múltiplas versões: homologar cada versão separadamente,@angular/build@21.2.21 > @inquirer/confirm@5.1.21 > @inquirer/core@10.3.2 > wrap-ansi@6.2.0 > strip-ansi@6.0.1,NAO_VERIFICADA
strip-ansi,7.2.0,node_modules/strip-ansi,transitiva,true,false,true,false,,,>=12,https://registry.npmjs.org/strip-ansi/-/strip-ansi-7.2.0.tgz,registry.npmjs.org,sha512,CANDIDATO_NAO_OPCIONAL,nome com múltiplas versões: homologar cada versão separadamente,@angular/build@21.2.21 > listr2@9.0.5 > log-update@6.1.0 > strip-ansi@7.2.0,NAO_VERIFICADA
tar,7.5.22,node_modules/tar,transitiva,true,false,true,false,,,>=18,https://registry.npmjs.org/tar/-/tar-7.5.22.tgz,registry.npmjs.org,sha512,CANDIDATO_NAO_OPCIONAL,artefato sem bloqueio específico conhecido; acesso Nexus não verificado,@angular/cli@21.2.21 > pacote@21.5.1 > tar@7.5.22,NAO_VERIFICADA
tinyglobby,0.2.15,node_modules/tinyglobby,transitiva,true,false,true,false,,,>=12.0.0,https://registry.npmjs.org/tinyglobby/-/tinyglobby-0.2.15.tgz,registry.npmjs.org,sha512,CANDIDATO_NAO_OPCIONAL,artefato sem bloqueio específico conhecido; acesso Nexus não verificado,@angular/build@21.2.21 > tinyglobby@0.2.15,NAO_VERIFICADA
toidentifier,1.0.1,node_modules/toidentifier,transitiva,true,false,true,false,,,>=0.6,https://registry.npmjs.org/toidentifier/-/toidentifier-1.0.1.tgz,registry.npmjs.org,sha512,CANDIDATO_NAO_OPCIONAL,artefato sem bloqueio específico conhecido; acesso Nexus não verificado,@angular/cli@21.2.21 > @modelcontextprotocol/sdk@1.30.0 > express@5.2.1 > http-errors@2.0.1 > toidentifier@1.0.1,NAO_VERIFICADA
tslib,2.8.1,node_modules/tslib,direta,false,false,true,false,,,,https://registry.npmjs.org/tslib/-/tslib-2.8.1.tgz,registry.npmjs.org,sha512,CANDIDATO_NAO_OPCIONAL,artefato sem bloqueio específico conhecido; acesso Nexus não verificado,tslib@2.8.1,NAO_VERIFICADA
tuf-js,4.1.0,node_modules/tuf-js,transitiva,true,false,true,false,,,^20.17.0 || >=22.9.0,https://registry.npmjs.org/tuf-js/-/tuf-js-4.1.0.tgz,registry.npmjs.org,sha512,CANDIDATO_NAO_OPCIONAL,artefato sem bloqueio específico conhecido; acesso Nexus não verificado,@angular/cli@21.2.21 > pacote@21.5.1 > sigstore@4.1.1 > @sigstore/tuf@4.0.2 > tuf-js@4.1.0,NAO_VERIFICADA
type-is,2.1.0,node_modules/type-is,transitiva,true,false,true,false,,,>= 18,https://registry.npmjs.org/type-is/-/type-is-2.1.0.tgz,registry.npmjs.org,sha512,CANDIDATO_NAO_OPCIONAL,artefato sem bloqueio específico conhecido; acesso Nexus não verificado,@angular/cli@21.2.21 > @modelcontextprotocol/sdk@1.30.0 > express@5.2.1 > type-is@2.1.0,NAO_VERIFICADA
typescript,5.9.3,node_modules/typescript,direta,true,false,true,false,,,>=14.17,https://registry.npmjs.org/typescript/-/typescript-5.9.3.tgz,registry.npmjs.org,sha512,CANDIDATO_NAO_OPCIONAL,artefato sem bloqueio específico conhecido; acesso Nexus não verificado,typescript@5.9.3,NAO_VERIFICADA
undici,6.28.1,node_modules/node-gyp/node_modules/undici,transitiva,true,false,true,false,,,>=18.17,https://registry.npmjs.org/undici/-/undici-6.28.1.tgz,registry.npmjs.org,sha512,CANDIDATO_NAO_OPCIONAL,nome com múltiplas versões: homologar cada versão separadamente,@angular/cli@21.2.21 > pacote@21.5.1 > @npmcli/run-script@10.0.4 > node-gyp@12.4.0 > undici@6.28.1,NAO_VERIFICADA
undici,7.29.0,node_modules/undici,transitiva,true,false,true,false,,,>=20.18.1,https://registry.npmjs.org/undici/-/undici-7.29.0.tgz,registry.npmjs.org,sha512,CANDIDATO_NAO_OPCIONAL,nome com múltiplas versões: homologar cada versão separadamente,@angular/build@21.2.21 > undici@7.29.0,NAO_VERIFICADA
unpipe,1.0.0,node_modules/unpipe,transitiva,true,false,true,false,,,>= 0.8,https://registry.npmjs.org/unpipe/-/unpipe-1.0.0.tgz,registry.npmjs.org,sha512,CANDIDATO_NAO_OPCIONAL,artefato sem bloqueio específico conhecido; acesso Nexus não verificado,@angular/cli@21.2.21 > @modelcontextprotocol/sdk@1.30.0 > raw-body@3.0.2 > unpipe@1.0.0,NAO_VERIFICADA
update-browserslist-db,1.3.3,node_modules/update-browserslist-db,transitiva,true,false,true,false,,,,https://registry.npmjs.org/update-browserslist-db/-/update-browserslist-db-1.3.3.tgz,registry.npmjs.org,sha512,CANDIDATO_NAO_OPCIONAL,falha 403 anterior / alternativa versionada (confirmar versão no Nexus),@angular/build@21.2.21 > browserslist@4.28.9 > update-browserslist-db@1.3.3,NAO_VERIFICADA
validate-npm-package-name,7.0.2,node_modules/validate-npm-package-name,transitiva,true,false,true,false,,,^20.17.0 || >=22.9.0,https://registry.npmjs.org/validate-npm-package-name/-/validate-npm-package-name-7.0.2.tgz,registry.npmjs.org,sha512,CANDIDATO_NAO_OPCIONAL,artefato sem bloqueio específico conhecido; acesso Nexus não verificado,@angular/cli@21.2.21 > npm-package-arg@13.0.2 > validate-npm-package-name@7.0.2,NAO_VERIFICADA
vary,1.1.2,node_modules/vary,transitiva,true,false,true,false,,,>= 0.8,https://registry.npmjs.org/vary/-/vary-1.1.2.tgz,registry.npmjs.org,sha512,CANDIDATO_NAO_OPCIONAL,artefato sem bloqueio específico conhecido; acesso Nexus não verificado,@angular/cli@21.2.21 > @modelcontextprotocol/sdk@1.30.0 > cors@2.8.6 > vary@1.1.2,NAO_VERIFICADA
vite,7.3.6,node_modules/vite,transitiva,true,false,true,false,,,^20.19.0 || >=22.12.0,https://registry.npmjs.org/vite/-/vite-7.3.6.tgz,registry.npmjs.org,sha512,CANDIDATO_NAO_OPCIONAL,ferramenta de build: indisponibilidade pode impedir compilação,@angular/build@21.2.21 > vite@7.3.6,NAO_VERIFICADA
watchpack,2.5.1,node_modules/watchpack,transitiva,true,false,true,false,,,>=10.13.0,https://registry.npmjs.org/watchpack/-/watchpack-2.5.1.tgz,registry.npmjs.org,sha512,CANDIDATO_NAO_OPCIONAL,artefato sem bloqueio específico conhecido; acesso Nexus não verificado,@angular/build@21.2.21 > watchpack@2.5.1,NAO_VERIFICADA
weak-lru-cache,1.2.2,node_modules/weak-lru-cache,transitiva,true,true,true,false,,,,https://registry.npmjs.org/weak-lru-cache/-/weak-lru-cache-1.2.2.tgz,registry.npmjs.org,sha512,CANDIDATO_OPCIONAL,"opcional: ausência pode afetar desempenho ou build, depende do consumidor",@angular/build@21.2.21 > lmdb@3.5.1 > weak-lru-cache@1.2.2,NAO_VERIFICADA
which,2.0.2,node_modules/which,transitiva,true,false,true,false,,,>= 8,https://registry.npmjs.org/which/-/which-2.0.2.tgz,registry.npmjs.org,sha512,CANDIDATO_NAO_OPCIONAL,nome com múltiplas versões: homologar cada versão separadamente,@angular/cli@21.2.21 > @modelcontextprotocol/sdk@1.30.0 > cross-spawn@7.0.6 > which@2.0.2,NAO_VERIFICADA
which,6.0.1,node_modules/@npmcli/git/node_modules/which,transitiva,true,false,true,false,,,^20.17.0 || >=22.9.0,https://registry.npmjs.org/which/-/which-6.0.1.tgz,registry.npmjs.org,sha512,CANDIDATO_NAO_OPCIONAL,nome com múltiplas versões: homologar cada versão separadamente,@angular/cli@21.2.21 > pacote@21.5.1 > @npmcli/git@7.0.2 > which@6.0.1,NAO_VERIFICADA
which,6.0.1,node_modules/@npmcli/promise-spawn/node_modules/which,transitiva,true,false,true,false,,,^20.17.0 || >=22.9.0,https://registry.npmjs.org/which/-/which-6.0.1.tgz,registry.npmjs.org,sha512,CANDIDATO_NAO_OPCIONAL,nome com múltiplas versões: homologar cada versão separadamente,@angular/cli@21.2.21 > pacote@21.5.1 > @npmcli/promise-spawn@9.0.1 > which@6.0.1,NAO_VERIFICADA
which,6.0.1,node_modules/node-gyp/node_modules/which,transitiva,true,false,true,false,,,^20.17.0 || >=22.9.0,https://registry.npmjs.org/which/-/which-6.0.1.tgz,registry.npmjs.org,sha512,CANDIDATO_NAO_OPCIONAL,nome com múltiplas versões: homologar cada versão separadamente,@angular/cli@21.2.21 > pacote@21.5.1 > @npmcli/run-script@10.0.4 > node-gyp@12.4.0 > which@6.0.1,NAO_VERIFICADA
wrap-ansi,6.2.0,node_modules/wrap-ansi,transitiva,true,false,true,false,,,>=8,https://registry.npmjs.org/wrap-ansi/-/wrap-ansi-6.2.0.tgz,registry.npmjs.org,sha512,CANDIDATO_NAO_OPCIONAL,nome com múltiplas versões: homologar cada versão separadamente,@angular/build@21.2.21 > @inquirer/confirm@5.1.21 > @inquirer/core@10.3.2 > wrap-ansi@6.2.0,NAO_VERIFICADA
wrap-ansi,9.0.2,node_modules/cliui/node_modules/wrap-ansi,transitiva,true,false,true,false,,,>=18,https://registry.npmjs.org/wrap-ansi/-/wrap-ansi-9.0.2.tgz,registry.npmjs.org,sha512,CANDIDATO_NAO_OPCIONAL,nome com múltiplas versões: homologar cada versão separadamente,@angular/cli@21.2.21 > yargs@18.0.0 > cliui@9.0.1 > wrap-ansi@9.0.2,NAO_VERIFICADA
wrap-ansi,9.0.2,node_modules/listr2/node_modules/wrap-ansi,transitiva,true,false,true,false,,,>=18,https://registry.npmjs.org/wrap-ansi/-/wrap-ansi-9.0.2.tgz,registry.npmjs.org,sha512,CANDIDATO_NAO_OPCIONAL,nome com múltiplas versões: homologar cada versão separadamente,@angular/build@21.2.21 > listr2@9.0.5 > wrap-ansi@9.0.2,NAO_VERIFICADA
wrap-ansi,9.0.2,node_modules/log-update/node_modules/wrap-ansi,transitiva,true,false,true,false,,,>=18,https://registry.npmjs.org/wrap-ansi/-/wrap-ansi-9.0.2.tgz,registry.npmjs.org,sha512,CANDIDATO_NAO_OPCIONAL,nome com múltiplas versões: homologar cada versão separadamente,@angular/build@21.2.21 > listr2@9.0.5 > log-update@6.1.0 > wrap-ansi@9.0.2,NAO_VERIFICADA
wrappy,1.0.2,node_modules/wrappy,transitiva,true,false,true,false,,,,https://registry.npmjs.org/wrappy/-/wrappy-1.0.2.tgz,registry.npmjs.org,sha512,CANDIDATO_NAO_OPCIONAL,artefato sem bloqueio específico conhecido; acesso Nexus não verificado,@angular/cli@21.2.21 > @modelcontextprotocol/sdk@1.30.0 > express@5.2.1 > once@1.4.0 > wrappy@1.0.2,NAO_VERIFICADA
y18n,5.0.8,node_modules/y18n,transitiva,true,false,true,false,,,>=10,https://registry.npmjs.org/y18n/-/y18n-5.0.8.tgz,registry.npmjs.org,sha512,CANDIDATO_NAO_OPCIONAL,artefato sem bloqueio específico conhecido; acesso Nexus não verificado,@angular/cli@21.2.21 > yargs@18.0.0 > y18n@5.0.8,NAO_VERIFICADA
yallist,3.1.1,node_modules/yallist,transitiva,true,false,true,false,,,,https://registry.npmjs.org/yallist/-/yallist-3.1.1.tgz,registry.npmjs.org,sha512,CANDIDATO_NAO_OPCIONAL,nome com múltiplas versões: homologar cada versão separadamente,@angular/build@21.2.21 > @babel/core@7.29.7 > @babel/helper-compilation-targets@7.29.7 > lru-cache@5.1.1 > yallist@3.1.1,NAO_VERIFICADA
yallist,4.0.0,node_modules/minipass-flush/node_modules/yallist,transitiva,true,false,true,false,,,,https://registry.npmjs.org/yallist/-/yallist-4.0.0.tgz,registry.npmjs.org,sha512,CANDIDATO_NAO_OPCIONAL,nome com múltiplas versões: homologar cada versão separadamente,@angular/cli@21.2.21 > pacote@21.5.1 > cacache@20.0.4 > minipass-flush@1.0.7 > minipass@3.3.6 > yallist@4.0.0,NAO_VERIFICADA
yallist,4.0.0,node_modules/minipass-pipeline/node_modules/yallist,transitiva,true,false,true,false,,,,https://registry.npmjs.org/yallist/-/yallist-4.0.0.tgz,registry.npmjs.org,sha512,CANDIDATO_NAO_OPCIONAL,nome com múltiplas versões: homologar cada versão separadamente,@angular/cli@21.2.21 > pacote@21.5.1 > cacache@20.0.4 > minipass-pipeline@1.2.4 > minipass@3.3.6 > yallist@4.0.0,NAO_VERIFICADA
yallist,5.0.0,node_modules/tar/node_modules/yallist,transitiva,true,false,true,false,,,>=18,https://registry.npmjs.org/yallist/-/yallist-5.0.0.tgz,registry.npmjs.org,sha512,CANDIDATO_NAO_OPCIONAL,nome com múltiplas versões: homologar cada versão separadamente,@angular/cli@21.2.21 > pacote@21.5.1 > tar@7.5.22 > yallist@5.0.0,NAO_VERIFICADA
yargs,18.0.0,node_modules/yargs,transitiva,true,false,true,false,,,^20.19.0 || ^22.12.0 || >=23,https://registry.npmjs.org/yargs/-/yargs-18.0.0.tgz,registry.npmjs.org,sha512,CANDIDATO_NAO_OPCIONAL,artefato sem bloqueio específico conhecido; acesso Nexus não verificado,@angular/cli@21.2.21 > yargs@18.0.0,NAO_VERIFICADA
yargs-parser,22.0.0,node_modules/yargs-parser,transitiva,true,false,true,false,,,^20.19.0 || ^22.12.0 || >=23,https://registry.npmjs.org/yargs-parser/-/yargs-parser-22.0.0.tgz,registry.npmjs.org,sha512,CANDIDATO_NAO_OPCIONAL,artefato sem bloqueio específico conhecido; acesso Nexus não verificado,@angular/cli@21.2.21 > yargs@18.0.0 > yargs-parser@22.0.0,NAO_VERIFICADA
yoctocolors,2.2.0,node_modules/yoctocolors,transitiva,true,false,true,false,,,>=18,https://registry.npmjs.org/yoctocolors/-/yoctocolors-2.2.0.tgz,registry.npmjs.org,sha512,CANDIDATO_NAO_OPCIONAL,artefato sem bloqueio específico conhecido; acesso Nexus não verificado,@angular/cli@21.2.21 > @angular-devkit/schematics@21.2.21 > ora@9.3.0 > log-symbols@7.0.1 > yoctocolors@2.2.0,NAO_VERIFICADA
yoctocolors-cjs,2.1.3,node_modules/yoctocolors-cjs,transitiva,true,false,true,false,,,>=18,https://registry.npmjs.org/yoctocolors-cjs/-/yoctocolors-cjs-2.1.3.tgz,registry.npmjs.org,sha512,CANDIDATO_NAO_OPCIONAL,artefato sem bloqueio específico conhecido; acesso Nexus não verificado,@angular/build@21.2.21 > @inquirer/confirm@5.1.21 > @inquirer/core@10.3.2 > yoctocolors-cjs@2.1.3,NAO_VERIFICADA
zod,4.3.6,node_modules/zod,transitiva,true,false,true,false,,,,https://registry.npmjs.org/zod/-/zod-4.3.6.tgz,registry.npmjs.org,sha512,CANDIDATO_NAO_OPCIONAL,artefato sem bloqueio específico conhecido; acesso Nexus não verificado,@angular/cli@21.2.21 > zod@4.3.6,NAO_VERIFICADA
zod-to-json-schema,3.25.2,node_modules/zod-to-json-schema,transitiva,true,false,true,false,,,,https://registry.npmjs.org/zod-to-json-schema/-/zod-to-json-schema-3.25.2.tgz,registry.npmjs.org,sha512,CANDIDATO_NAO_OPCIONAL,artefato sem bloqueio específico conhecido; acesso Nexus não verificado,@angular/cli@21.2.21 > @modelcontextprotocol/sdk@1.30.0 > zod-to-json-schema@3.25.2,NAO_VERIFICADA
